f12_model,group_name,group,alt_name,alternative,end, variable_mean ,notes,unused end,bins backup
WorkLocation,,,distance to work,0-3.5 mi,6,0.18,,,
WorkLocation,,,distance to work,3.5-10 mi,7,0.33,,,
WorkLocation,,,distance to work,10+ mi,8,0.5,median distance in top bin in survey (pool) is 15,,
WorkLocation,,,exclusively work from home (wfh),1,41,,,,
WorkLocation,exclusively work from home dummy,wfh,worker type,PT,42,,,,
SchoolLocation,person type,Child<5,distance to school,0-1 mi,7,0.05,,,
SchoolLocation,person type,Child<5,distance to school,1-5 mi,8,0.3,,,1 to 5
SchoolLocation,person type,Child<5,distance to school,5+ mi,9,0.27,median distance in top bin in survey (pool) is 7.7,,
SchoolLocation,person type,Ch515,distance to school,0-1 mi,10,0.05,,,
SchoolLocation,person type,Ch515,distance to school,1-5 mi,11,0.3,,,1 to 5
SchoolLocation,person type,Ch515,distance to school,5+ mi,12,0.26,median distance in top bin in survey (pool) is 7.6,,
SchoolLocation,person type,Stu16,distance to school,1,13,0.32,median distance from survey is 3.8,,
SchoolLocation,person type,UniStu,distance to school,1,,,not enough data to calibrate,,
SchoolLocation,,,homeschooled (sfh),1,,,,,
PayToParkAtWorkplace,,,paid to park at work (ppaidprk),1,1,,"not calibrated last time, survey % who pay is based on trip data",,
TransitPassOwnership,,,,,,,not enough data to calibrate,,
AutoOwnership,number of drivers,1,number of vehicles,0,1,,,,
AutoOwnership,number of drivers,1,number of vehicles,1,,,reference alt,,
AutoOwnership,number of drivers,1,number of vehicles,2,3,,,,
AutoOwnership,number of drivers,1,number of vehicles,3,4,,,,
AutoOwnership,number of drivers,1,number of vehicles,4,5,,,,
AutoOwnership,number of drivers,2,number of vehicles,0,6,,,,
AutoOwnership,number of drivers,2,number of vehicles,1,7,,,,
AutoOwnership,number of drivers,2,number of vehicles,2,8,,,,
AutoOwnership,number of drivers,2,number of vehicles,3,9,,,,
AutoOwnership,number of drivers,2,number of vehicles,4,10,,,,
AutoOwnership,number of drivers,3,number of vehicles,0,11,,,,
AutoOwnership,number of drivers,3,number of vehicles,1,12,,,,
AutoOwnership,number of drivers,3,number of vehicles,2,13,,,,
AutoOwnership,number of drivers,3,number of vehicles,3,14,,,,
AutoOwnership,number of drivers,3,number of vehicles,4,15,,,,
AutoOwnership,number of drivers,4,number of vehicles,0,16,,,,
AutoOwnership,number of drivers,4,number of vehicles,1,17,,,,
AutoOwnership,number of drivers,4,number of vehicles,2,18,,,,
AutoOwnership,number of drivers,4,number of vehicles,3,19,,,,
AutoOwnership,number of drivers,4,number of vehicles,4,20,,,,
IndividualPersonDayPattern,,,tour purpose,work,100,,,,
IndividualPersonDayPattern,,,tour purpose,school,200,,,,
IndividualPersonDayPattern,,,tour purpose,escort,300,,,,
IndividualPersonDayPattern,,,tour purpose,pb,400,,,,
IndividualPersonDayPattern,,,tour purpose,shop,500,,,,
IndividualPersonDayPattern,,,tour purpose,meal,600,,,,
IndividualPersonDayPattern,,,tour purpose,socrec,700,,,,
IndividualPersonDayPattern,,,,work_Tour,100,,,,
IndividualPersonDayPattern,,,,work_Stop,101,,,,
IndividualPersonDayPattern,,,,work_PT,102,,,,
IndividualPersonDayPattern,,,,work_UniStu,,,not enough data to calibrate,105,
IndividualPersonDayPattern,,,,work_Stu16,106,,,,
IndividualPersonDayPattern,,,,work_FT,151,,,,
IndividualPersonDayPattern,,,,school_Tour,200,,,,
IndividualPersonDayPattern,,,,school_Stop,201,,,,
IndividualPersonDayPattern,,,,school_UniStud,,,not enough data to calibrate,205,
IndividualPersonDayPattern,,,,school_Stu16,206,,,,
IndividualPersonDayPattern,,,,school_Ch515,207,,,,
IndividualPersonDayPattern,,,,school_FT,251,,,,
IndividualPersonDayPattern,,,,escort_Tour,300,,,,
IndividualPersonDayPattern,,,,escort_Stop,301,,,,
IndividualPersonDayPattern,,,,escort_PT,302,,,,
IndividualPersonDayPattern,,,,escort_Retired,303,,,,
IndividualPersonDayPattern,,,,escort_Nonworker,304,,,,
IndividualPersonDayPattern,,,,escort_UniStu,,,not enough data to calibrate,305,
IndividualPersonDayPattern,,,,escort_Stu16,306,,,,
IndividualPersonDayPattern,,,,escort_Ch515,307,,,,
IndividualPersonDayPattern,,,,escort_FT,351,,,,
IndividualPersonDayPattern,,,,pb_Tour,400,,,,
IndividualPersonDayPattern,,,,pb_Stop,401,,,,
IndividualPersonDayPattern,,,,pb_PT,402,,,,
IndividualPersonDayPattern,,,,pb_Retired,403,,,,
IndividualPersonDayPattern,,,,pb_Nonworker,404,,,,
IndividualPersonDayPattern,,,,pb_UniStu,,,not enough data to calibrate,405,
IndividualPersonDayPattern,,,,pb_Stu16,406,,,,
IndividualPersonDayPattern,,,,pb_Ch515,407,,,,
IndividualPersonDayPattern,,,,pb_FT,451,,,,
IndividualPersonDayPattern,,,,shop_Tour,500,,,,
IndividualPersonDayPattern,,,,shop_Stop,501,,,,
IndividualPersonDayPattern,,,,shop_PT,502,,,,
IndividualPersonDayPattern,,,,shop_Retired,503,,,,
IndividualPersonDayPattern,,,,shop_Nonworker,504,,,,
IndividualPersonDayPattern,,,,shop_UniStu,,,not enough data to calibrate,505,
IndividualPersonDayPattern,,,,shop_Stu16,506,,,,
IndividualPersonDayPattern,,,,shop_Ch515,507,,,,
IndividualPersonDayPattern,,,,shop_FT,551,,,,
IndividualPersonDayPattern,,,,meal_Tour,600,,,,
IndividualPersonDayPattern,,,,meal_Stop,601,,,,
IndividualPersonDayPattern,,,,meal_PT,602,,,,
IndividualPersonDayPattern,,,,meal_Retired,603,,,,
IndividualPersonDayPattern,,,,meal_Nonworker,604,,,,
IndividualPersonDayPattern,,,,meal_UniStu,,,not enough data to calibrate,605,
IndividualPersonDayPattern,,,,meal_Stu16,606,,,,
IndividualPersonDayPattern,,,,meal_Ch515,607,,,,
IndividualPersonDayPattern,,,,meal_FT,651,,,,
IndividualPersonDayPattern,,,,socrec_Tour,700,,,,
IndividualPersonDayPattern,,,,socrec_Stop,701,,,,
IndividualPersonDayPattern,,,,socrec_PT,702,,,,
IndividualPersonDayPattern,,,,socrec_Retired,703,,,,
IndividualPersonDayPattern,,,,socrec_Nonworker,704,,,,
IndividualPersonDayPattern,,,,socrec_UniStu,,,not enough data to calibrate,705,
IndividualPersonDayPattern,,,,socrec_Stu16,706,,,,
IndividualPersonDayPattern,,,,socrec_Ch515,707,,,,
IndividualPersonDayPattern,,,,socrec_FT,751,,,,
PersonExactNumberOfTours,tour purpose,work,number of tours,2,152,,,,
PersonExactNumberOfTours,tour purpose,work,number of tours,3,153,,,,
PersonExactNumberOfTours,tour purpose,school,number of tours,2,252,,,,
PersonExactNumberOfTours,tour purpose,school,number of tours,3,253,,,,
PersonExactNumberOfTours,tour purpose,escort,number of tours,2,352,,,,
PersonExactNumberOfTours,tour purpose,escort,number of tours,3,353,,,,
PersonExactNumberOfTours,tour purpose,pb,number of tours,2,452,,,,
PersonExactNumberOfTours,tour purpose,pb,number of tours,3,453,,,,
PersonExactNumberOfTours,tour purpose,shop,number of tours,2,552,,,,
PersonExactNumberOfTours,tour purpose,shop,number of tours,3,553,,,,
PersonExactNumberOfTours,tour purpose,meal,number of tours,2,652,,,,
PersonExactNumberOfTours,tour purpose,meal,number of tours,3,653,,,,
PersonExactNumberOfTours,tour purpose,socrec,number of tours,2,752,,,,
PersonExactNumberOfTours,tour purpose,socrec,number of tours,3,753,,,,
WorkTourDestination,,,,,,,not calibrated last time,,
OtherTourDestination,,,,,,,not calibrated last time but originally calibrated - check model application ,,
WorkBasedSubtourGeneration,,,tour purpose,work,1,,not calibrated last time but originally calibrated,,
WorkBasedSubtourGeneration,,,tour purpose,school,3,,not calibrated last time but originally calibrated,,
WorkBasedSubtourGeneration,,,tour purpose,escort,4,,not calibrated last time but originally calibrated,,
WorkBasedSubtourGeneration,,,tour purpose,pb,6,,not calibrated last time but originally calibrated,,
WorkBasedSubtourGeneration,,,tour purpose,shop,8,,not calibrated last time but originally calibrated,,
WorkBasedSubtourGeneration,,,tour purpose,meal,10,,not calibrated last time but originally calibrated,,
WorkBasedSubtourGeneration,,,tour purpose,socrec,13,,not calibrated last time but originally calibrated,,
WorkTourMode,,,tour mode,Drive Alone,50,,,,
WorkTourMode,,,tour mode,Shared Ride 2,40,,,,
WorkTourMode,,,tour mode,Shared Ride 3+,30,,,,
WorkTourMode,,,tour mode,Walk-Transit,20,,,,
WorkTourMode,,,tour mode,Drive-Transit,10,,,,
WorkTourMode,,,tour mode,Bike,60,,,,
WorkTourMode,,,tour mode,Walk,,,reference alt,70,
SchoolTourMode,,,tour mode,School Bus,10,,,,
SchoolTourMode,,,tour mode,Walk-Transit,20,,,,
SchoolTourMode,,,tour mode,Shared Ride 2,40,,,,
SchoolTourMode,,,tour mode,Shared Ride 3+,30,,,,
SchoolTourMode,,,tour mode,Drive Alone,50,,,,
SchoolTourMode,,,tour mode,Bike,60,,,,
SchoolTourMode,,,tour mode,Walk,,,reference alt,,
EscortTourMode,,,tour mode,Shared Ride 3+,30,,,,
EscortTourMode,,,tour mode,Shared Ride 2,40,,,,
EscortTourMode,,,tour mode,Drive Alone,50,,,,
EscortTourMode,,,tour mode,Bike,60,,,,
EscortTourMode,,,tour mode,Walk,,,reference alt,,
OtherHomeBasedTourMode,,,tour mode,Drive-Transit,10,,,,
OtherHomeBasedTourMode,,,tour mode,Walk-Transit,20,,,,
OtherHomeBasedTourMode,,,tour mode,Shared Ride 3+,30,,,,
OtherHomeBasedTourMode,,,tour mode,Shared Ride 2,40,,,,
OtherHomeBasedTourMode,,,tour mode,Drive Alone,50,,,,
OtherHomeBasedTourMode,,,tour mode,Bike,60,,,,
OtherHomeBasedTourMode,,,tour mode,Walk,,,reference alt,70,
WorkBasedSubtourMode,,,subtour mode,Drive-Transit,10,,,,
WorkBasedSubtourMode,,,subtour mode,Walk-Transit,20,,,,
WorkBasedSubtourMode,,,subtour mode,Shared Ride 3+,30,,,,
WorkBasedSubtourMode,,,subtour mode,Shared Ride 2,40,,,,
WorkBasedSubtourMode,,,subtour mode,Drive Alone,50,,,,
WorkBasedSubtourMode,,,subtour mode,Bike,60,,,,
WorkBasedSubtourMode,,,subtour mode,Walk,70,,reference alt,,
WorkTourTime,arrival time,arr,hour,7,13,,calibrated last time; survey shows 7-9:30 as peak in pool mpos,13,
WorkTourTime,arrival time,arr,hour,8,14,,calibrated last time; survey shows 7-9:30 as peak in pool mpos,14,
WorkTourTime,arrival time,arr,hour,9,15,,calibrated last time; survey shows 7-9:30 as peak in pool mpos,15,
WorkTourTime,departure time,dep,hour,16,25,,calibrated last time; survey shows 15-18 as peak in pool mpos,25,
WorkTourTime,departure time,dep,hour,17,26,,calibrated last time; survey shows 15-18 as peak in pool mpos,26,
WorkTourTime,departure time,dep,hour,18,27,,calibrated last time; survey shows 15-18 as peak in pool mpos,27,
SchoolTourTime,arrival time,arr,hour,7,13,,calibrated last time; survey shows 7-8 as peak in pool mpos,13,
SchoolTourTime,arrival time,arr,hour,8,14,,calibrated last time; survey shows 7-8 as peak in pool mpos,14,
SchoolTourTime,arrival time,arr,hour,9,,,calibrated last time - removed,15,
SchoolTourTime,departure time,dep,time bin,7-9,,,calibrated last time - removed,22,7 to 9
SchoolTourTime,departure time,dep,time bin,10-12,,,calibrated last time - removed,23,10 to 12
SchoolTourTime,departure time,dep,time bin,13-14,24,,calibrated last time; survey shows 13:30-14:30 as peak in pool mpos,24,13 to 14
SchoolTourTime,departure time,dep,hour,16,,,calibrated last time - removed,25,
SchoolTourTime,departure time,dep,hour,17,,,calibrated last time - removed,26,
SchoolTourTime,duration,dur,duration in hours,7-8,34,,calibrated last time,34,7 to 8
OtherHomeBasedTourTime,,,,,,,Not calibrated last time,,
WorkBasedSubTourTime,,,,,,,Not calibrated last time,,
IntermediateStopGeneration,,,,,,,Not calibrated last time,,
IntermediateStopLocation,,,,,,,Never calibrated,,
TripMode,,,,,,,Never calibrated,,
TripTime,,,,,,,Never calibrated,,
