RespondentID,Route ,linked trip weight,unlinked weight (boarding weight),TAZ_ID_LEFT,DISTRICT_LEFT,TAZ_ID_DEST,DISTRICT_DEST
4199326829.0,10- East Chattanooga,3.184783,6.369566,897,8.0,410,9.0
4206066684.0,10- East Chattanooga,3.184783,3.184783,434,8.0,752,9.0
4209630869.0,21- Golden Gateway,2.755814,8.267441999999999,731,9.0,752,9.0
4209714464.0,8- Eastdale,1.421053,4.263159,336,8.0,472,7.0
4210021492.0,1- Alton Park,2.488372,4.976744,272,9.0,272,9.0
4210049627.0,1- Alton Park,2.488372,2.488372,415,9.0,272,9.0
4210354314.0,1- Alton Park,2.488372,2.488372,849,9.0,721,9.0
4215237302.0,9- East Lake,2.504202,5.008404,415,9.0,717,8.0
4215249165.0,10- East Chattanooga,3.184783,3.184783,313,4.0,501,5.0
4215260812.0,4- Hamilton Place,2.734848,5.469696,293,9.0,849,9.0
4215330903.0,4- Hamilton Place,2.734848,2.734848,717,8.0,223,9.0
4215355676.0,4- Hamilton Place,2.734848,5.469696,711,7.0,849,9.0
4215570303.0,4- Hamilton Place,2.734848,2.734848,276,9.0,717,8.0
4215582385.0,4- Hamilton Place,2.734848,2.734848,275,9.0,711,7.0
4224050680.0,3- Enterprise South,1.0,2.0,748,7.0,415,9.0
4224069501.0,9- East Lake,2.504202,7.512606,344,8.0,240,13.0
4224077756.0,9- East Lake,2.504202,5.008404,837,9.0,905,9.0
4224090296.0,6- East Brainerd,1.0,3.0,543,7.0,543,7.0
4224107560.0,6- East Brainerd,1.0,1.0,863,7.0,428,8.0
4224233703.0,6- East Brainerd,1.0,3.0,849,9.0,476,8.0
4224241695.0,6- East Brainerd,1.0,3.0,487,7.0,711,7.0
4224247689.0,6- East Brainerd,1.0,1.0,487,7.0,711,7.0
4224254453.0,1- Alton Park,2.488372,7.465116,282,9.0,486,7.0
4224261251.0,1- Alton Park,2.488372,2.488372,223,9.0,735,8.0
4241535784.0,14- Mocs Express,2.678571,2.678571,275,9.0,279,9.0
4241542120.0,14- Mocs Express,2.678571,2.678571,278,9.0,285,9.0
4241548742.0,14- Mocs Express,2.678571,2.678571,752,9.0,258,9.0
4241555013.0,4- Hamilton Place,2.734848,5.469696,907,9.0,305,9.0
4241560626.0,4- Hamilton Place,2.734848,2.734848,907,9.0,244,9.0
4241572559.0,4- Hamilton Place,2.734848,5.469696,834,9.0,462,8.0
4241584232.0,4- Hamilton Place,2.734848,2.734848,292,9.0,487,7.0
4241590139.0,4- Hamilton Place,2.734848,2.734848,863,7.0,225,9.0
4241595740.0,4- Hamilton Place,2.734848,2.734848,132,6.0,262,9.0
4241603464.0,4- Hamilton Place,2.734848,5.469696,266,9.0,267,9.0
4241608393.0,4- Hamilton Place,2.734848,2.734848,222,9.0,849,9.0
4241613454.0,4- Hamilton Place,2.734848,8.204544,416,9.0,256,9.0
4241624398.0,4- Hamilton Place,2.734848,5.469696,472,7.0,455,8.0
4241631005.0,16- Northgate,1.833333,3.666666,396,4.0,385,4.0
4241639366.0,16- Northgate,1.833333,3.666666,906,9.0,385,4.0
4241656191.0,16- Northgate,1.833333,1.833333,309,4.0,503,4.0
4241663245.0,16- Northgate,1.833333,3.666666,317,9.0,503,4.0
4241669706.0,16- Northgate,1.833333,3.666666,321,9.0,396,4.0
4241676050.0,16- Northgate,1.833333,1.833333,228,9.0,499,5.0
4241683378.0,16- Northgate,1.833333,1.833333,228,9.0,679,5.0
4241702217.0,8- Eastdale,1.421053,2.842106,430,8.0,214,9.0
4241709211.0,1- Alton Park,2.488372,4.976744,895,8.0,462,8.0
4241716006.0,1- Alton Park,2.488372,2.488372,405,9.0,837,9.0
4241727575.0,1- Alton Park,2.488372,2.488372,238,9.0,326,9.0
4241733095.0,1- Alton Park,2.488372,4.976744,837,9.0,711,7.0
4241761317.0,1- Alton Park,2.488372,4.976744,506,4.0,837,9.0
4241766683.0,9- East Lake,2.504202,5.008404,418,8.0,396,4.0
4241773118.0,16- Northgate,1.833333,3.666666,334,8.0,679,5.0
4241780846.0,16- Northgate,1.833333,3.666666,679,5.0,679,5.0
4241787033.0,16- Northgate,1.833333,1.833333,313,4.0,679,5.0
4241821458.0,10- East Chattanooga,3.184783,9.554349,344,8.0,223,9.0
4241828271.0,10- East Chattanooga,3.184783,6.369566,470,7.0,305,9.0
4241835596.0,10- East Chattanooga,3.184783,9.554349,344,8.0,752,9.0
4241843982.0,4- Hamilton Place,2.734848,2.734848,254,9.0,487,7.0
4241852064.0,4- Hamilton Place,2.734848,2.734848,265,9.0,487,7.0
4241856924.0,4- Hamilton Place,2.734848,8.204544,315,9.0,341,9.0
4241862037.0,4- Hamilton Place,2.734848,2.734848,711,7.0,327,9.0
4241866769.0,4- Hamilton Place,2.734848,5.469696,865,7.0,327,9.0
4241876131.0,4- Hamilton Place,2.734848,5.469696,908,9.0,26,8.0
4241880518.0,4- Hamilton Place,2.734848,2.734848,332,8.0,26,8.0
4241889569.0,4- Hamilton Place,2.734848,5.469696,316,9.0,711,7.0
4241897060.0,4- Hamilton Place,2.734848,2.734848,849,9.0,487,7.0
4241901938.0,4- Hamilton Place,2.734848,2.734848,454,8.0,222,9.0
4241912403.0,4- Hamilton Place,2.734848,5.469696,222,9.0,717,8.0
4241916987.0,4- Hamilton Place,2.734848,2.734848,226,9.0,454,8.0
4241925134.0,4- Hamilton Place,2.734848,5.469696,344,8.0,843,7.0
4241930037.0,4- Hamilton Place,2.734848,5.469696,240,13.0,717,8.0
4241939489.0,4- Hamilton Place,2.734848,2.734848,271,9.0,228,9.0
4241948933.0,4- Hamilton Place,2.734848,8.204544,837,9.0,717,8.0
4241954967.0,4- Hamilton Place,2.734848,2.734848,853,7.0,227,9.0
4241959733.0,4- Hamilton Place,2.734848,2.734848,454,8.0,717,8.0
4240297682.0,10- East Chattanooga,3.184783,9.554349,344,8.0,706,6.0
4240322203.0,10- East Chattanooga,3.184783,6.369566,321,9.0,222,9.0
4240381897.0,10- East Chattanooga,3.184783,6.369566,731,9.0,222,9.0
4240388552.0,10- East Chattanooga,3.184783,9.554349,752,9.0,757,8.0
4240421508.0,10- East Chattanooga,3.184783,3.184783,289,9.0,344,8.0
4240464967.0,10- East Chattanooga,3.184783,3.184783,735,8.0,752,9.0
4240472061.0,10- East Chattanooga,3.184783,6.369566,752,9.0,326,9.0
4240479629.0,10- East Chattanooga,3.184783,6.369566,322,9.0,882,9.0
4240486581.0,10- East Chattanooga,3.184783,6.369566,886,9.0,882,9.0
4240494834.0,10- East Chattanooga,3.184783,3.184783,481,8.0,726,9.0
4240503184.0,10- East Chattanooga,3.184783,3.184783,421,8.0,755,9.0
4240510707.0,10- East Chattanooga,3.184783,3.184783,763,7.0,717,8.0
4240533054.0,10- East Chattanooga,3.184783,3.184783,752,9.0,476,8.0
4240549696.0,10- East Chattanooga,3.184783,3.184783,429,8.0,219,9.0
4240557815.0,10- East Chattanooga,3.184783,3.184783,462,8.0,279,9.0
4240568774.0,10- East Chattanooga,3.184783,3.184783,427,8.0,226,9.0
4240581791.0,10- East Chattanooga,3.184783,3.184783,481,8.0,226,9.0
4240590832.0,10- East Chattanooga,3.184783,6.369566,735,8.0,748,7.0
4240601063.0,10- East Chattanooga,3.184783,3.184783,711,7.0,262,9.0
4240621223.0,16- Northgate,1.833333,3.666666,504,5.0,504,5.0
4240627602.0,16- Northgate,1.833333,1.833333,501,5.0,223,9.0
4240635944.0,16- Northgate,1.833333,1.833333,679,5.0,214,9.0
4240644162.0,16- Northgate,1.833333,1.833333,240,13.0,418,8.0
4240651581.0,16- Northgate,1.833333,1.833333,395,4.0,711,7.0
4240659715.0,16- Northgate,1.833333,1.833333,849,9.0,679,5.0
4240666965.0,16- Northgate,1.833333,3.666666,907,9.0,679,5.0
4240673451.0,16- Northgate,1.833333,1.833333,396,4.0,274,9.0
4240679507.0,16- Northgate,1.833333,3.666666,504,5.0,434,8.0
4240687590.0,16- Northgate,1.833333,1.833333,532,5.0,262,9.0
4240697372.0,16- Northgate,1.833333,1.833333,507,4.0,413,9.0
4240706097.0,16- Northgate,1.833333,1.833333,241,13.0,472,7.0
4240713085.0,16- Northgate,1.833333,1.833333,396,4.0,241,13.0
4240915874.0,16- Northgate,1.833333,1.833333,487,7.0,244,9.0
4240937239.0,16- Northgate,1.833333,3.666666,492,7.0,679,5.0
4240948806.0,16- Northgate,1.833333,3.666666,344,8.0,679,5.0
4240956170.0,16- Northgate,1.833333,1.833333,679,5.0,418,8.0
4240965496.0,9- East Lake,2.504202,5.008404,417,9.0,418,8.0
4240975125.0,9- East Lake,2.504202,2.504202,319,9.0,219,9.0
4241097445.0,9- East Lake,2.504202,5.008404,314,9.0,882,9.0
4241107354.0,9- East Lake,2.504202,5.008404,828,9.0,717,8.0
4241176967.0,9- East Lake,2.504202,2.504202,415,9.0,717,8.0
4241250838.0,9- East Lake,2.504202,5.008404,415,9.0,717,8.0
4241265138.0,9- East Lake,2.504202,5.008404,331,8.0,322,9.0
4241286067.0,9- East Lake,2.504202,5.008404,319,9.0,258,9.0
4241294066.0,9- East Lake,2.504202,5.008404,327,9.0,322,9.0
4241677417.0,9- East Lake,2.504202,2.504202,328,8.0,396,4.0
4241705147.0,9- East Lake,2.504202,5.008404,882,9.0,418,8.0
4241729287.0,9- East Lake,2.504202,5.008404,415,9.0,731,9.0
4241737416.0,9- East Lake,2.504202,7.512606,284,8.0,157,8.0
4241749465.0,10- East Chattanooga,3.184783,3.184783,344,8.0,222,9.0
4241758104.0,10- East Chattanooga,3.184783,3.184783,849,9.0,325,9.0
4241764561.0,10- East Chattanooga,3.184783,3.184783,757,8.0,724,9.0
4241782561.0,10- East Chattanooga,3.184783,3.184783,266,9.0,726,9.0
4242248084.0,10- East Chattanooga,3.184783,3.184783,724,9.0,454,8.0
4242269380.0,10- East Chattanooga,3.184783,9.554349,344,8.0,223,9.0
4242273742.0,10- East Chattanooga,3.184783,6.369566,334,8.0,267,9.0
4242277050.0,10- East Chattanooga,3.184783,3.184783,300,9.0,284,8.0
4242280068.0,10- East Chattanooga,3.184783,3.184783,857,8.0,434,8.0
4242283738.0,28- Amnicola,2.309091,4.618182,412,9.0,881,9.0
4242286868.0,28- Amnicola,2.309091,2.309091,849,9.0,885,9.0
4242300364.0,28- Amnicola,2.309091,4.618182,315,9.0,882,9.0
4242303114.0,28- Amnicola,2.309091,2.309091,882,9.0,228,9.0
4242305740.0,28- Amnicola,2.309091,2.309091,292,9.0,882,9.0
4242309447.0,28- Amnicola,2.309091,2.309091,305,9.0,882,9.0
4242312584.0,1- Alton Park,2.488372,2.488372,837,9.0,279,9.0
4242315584.0,1- Alton Park,2.488372,4.976744,837,9.0,711,7.0
4242318900.0,1- Alton Park,2.488372,4.976744,837,9.0,405,9.0
4242321822.0,1- Alton Park,2.488372,2.488372,405,9.0,278,9.0
4242324539.0,1- Alton Park,2.488372,7.465116,405,9.0,405,9.0
4242331614.0,1- Alton Park,2.488372,4.976744,908,9.0,454,8.0
4242335001.0,1- Alton Park,2.488372,2.488372,908,9.0,276,9.0
4242340823.0,14- Mocs Express,2.678571,2.678571,278,9.0,293,9.0
4242345769.0,14- Mocs Express,2.678571,2.678571,279,9.0,712,7.0
4242351325.0,14- Mocs Express,2.678571,2.678571,275,9.0,233,9.0
4242006757.0,6- East Brainerd,1.0,1.0,843,7.0,487,7.0
4242011915.0,6- East Brainerd,1.0,1.0,765,7.0,487,7.0
4242033846.0,6- East Brainerd,1.0,2.0,545,7.0,238,9.0
4242045619.0,6- East Brainerd,1.0,3.0,150,13.0,764,7.0
4242049619.0,6- East Brainerd,1.0,1.0,540,7.0,711,7.0
4242120085.0,6- East Brainerd,1.0,3.0,721,9.0,476,8.0
4242122422.0,6- East Brainerd,1.0,2.0,487,7.0,764,7.0
4242131060.0,6- East Brainerd,1.0,3.0,885,9.0,765,7.0
4242133997.0,6- East Brainerd,1.0,1.0,487,7.0,711,7.0
4242138010.0,6- East Brainerd,1.0,2.0,764,7.0,843,7.0
4242141036.0,6- East Brainerd,1.0,1.0,545,7.0,545,7.0
4242145049.0,6- East Brainerd,1.0,1.0,544,7.0,752,9.0
4242157694.0,16- Northgate,1.833333,3.666666,849,9.0,679,5.0
4242161064.0,16- Northgate,1.833333,1.833333,679,5.0,415,9.0
4242167232.0,16- Northgate,1.833333,3.666666,838,9.0,679,5.0
4242171404.0,16- Northgate,1.833333,5.499999000000001,849,9.0,487,7.0
4242184448.0,10- East Chattanooga,3.184783,3.184783,726,9.0,292,9.0
4242189226.0,10- East Chattanooga,3.184783,6.369566,734,9.0,321,9.0
4242193516.0,10- East Chattanooga,3.184783,3.184783,292,9.0,849,9.0
4242207172.0,10- East Chattanooga,3.184783,3.184783,286,9.0,244,9.0
4242211704.0,1- Alton Park,2.488372,7.465116,410,9.0,892,8.0
4242215989.0,1- Alton Park,2.488372,2.488372,731,9.0,240,13.0
4242218972.0,1- Alton Park,2.488372,2.488372,223,9.0,865,7.0
4242223215.0,1- Alton Park,2.488372,4.976744,472,7.0,405,9.0
4242230852.0,1- Alton Park,2.488372,2.488372,906,9.0,694,8.0
4242234672.0,4- Hamilton Place,2.734848,2.734848,167,11.0,501,5.0
4242241872.0,4- Hamilton Place,2.734848,2.734848,245,9.0,679,5.0
4242246824.0,4- Hamilton Place,2.734848,2.734848,305,9.0,328,8.0
4242249305.0,10- East Chattanooga,3.184783,3.184783,679,5.0,259,9.0
4242255721.0,1- Alton Park,2.488372,2.488372,905,9.0,256,9.0
4242258556.0,1- Alton Park,2.488372,2.488372,908,9.0,258,9.0
4242263662.0,1- Alton Park,2.488372,2.488372,908,9.0,405,9.0
4242272453.0,1- Alton Park,2.488372,2.488372,267,9.0,326,9.0
4242276251.0,1- Alton Park,2.488372,4.976744,849,9.0,334,8.0
4242290603.0,10- East Chattanooga,3.184783,3.184783,344,8.0,679,5.0
4242294526.0,10- East Chattanooga,3.184783,6.369566,442,7.0,472,7.0
4242311301.0,10- East Chattanooga,3.184783,6.369566,119,6.0,434,8.0
4242319297.0,13- Rossville,2.37037,4.74074,413,9.0,724,9.0
4242322784.0,5- North Brainerd,1.022727,2.045454,228,9.0,858,8.0
4242329229.0,5- North Brainerd,1.022727,2.045454,451,8.0,224,9.0
4242335662.0,5- North Brainerd,1.022727,1.022727,464,8.0,462,8.0
4242339093.0,5- North Brainerd,1.022727,2.045454,858,8.0,218,9.0
4242348426.0,5- North Brainerd,1.022727,3.068181,717,8.0,466,8.0
4242351945.0,5- North Brainerd,1.022727,1.022727,857,8.0,717,8.0
4242355214.0,5- North Brainerd,1.022727,3.068181,449,8.0,711,7.0
4242358019.0,5- North Brainerd,1.022727,1.022727,466,8.0,432,8.0
4242360625.0,5- North Brainerd,1.022727,2.045454,748,7.0,449,8.0
4242363533.0,4- Hamilton Place,2.734848,5.469696,837,9.0,711,7.0
4244903618.0,4- Hamilton Place,2.734848,5.469696,475,7.0,831,9.0
4244908684.0,4- Hamilton Place,2.734848,2.734848,763,7.0,224,9.0
4244917390.0,4- Hamilton Place,2.734848,5.469696,432,8.0,432,8.0
4244929106.0,4- Hamilton Place,2.734848,5.469696,223,9.0,717,8.0
4244957772.0,4- Hamilton Place,2.734848,8.204544,386,4.0,386,4.0
4244967007.0,4- Hamilton Place,2.734848,8.204544,679,5.0,222,9.0
4244972992.0,4- Hamilton Place,2.734848,2.734848,849,9.0,723,9.0
4244981838.0,4- Hamilton Place,2.734848,2.734848,236,9.0,694,8.0
4244985570.0,4- Hamilton Place,2.734848,2.734848,279,9.0,428,8.0
4244993267.0,4- Hamilton Place,2.734848,2.734848,429,8.0,765,7.0
4245105123.0,4- Hamilton Place,2.734848,2.734848,472,7.0,717,8.0
4245107994.0,4- Hamilton Place,2.734848,2.734848,857,8.0,721,9.0
4245112531.0,4- Hamilton Place,2.734848,2.734848,544,7.0,711,7.0
4245115588.0,4- Hamilton Place,2.734848,2.734848,290,9.0,487,7.0
4247944892.0,10- East Chattanooga,3.184783,6.369566,717,8.0,837,9.0
10,10- East Chattanooga,3.184783,3.184783,249,9.0,292,9.0
4241816273.0,10- East Chattanooga,3.184783,6.369566,334,8.0,429,8.0
4241830310.0,10- East Chattanooga,3.184783,6.369566,334,8.0,717,8.0
4243371889.0,10- East Chattanooga,3.184783,3.184783,266,9.0,266,9.0
4243388874.0,10- East Chattanooga,3.184783,3.184783,734,9.0,266,9.0
4243411226.0,10- East Chattanooga,3.184783,3.184783,849,9.0,757,8.0
4243459251.0,10- East Chattanooga,3.184783,3.184783,757,8.0,757,8.0
4243482835.0,4- Hamilton Place,2.734848,5.469696,432,8.0,843,7.0
4243497699.0,4- Hamilton Place,2.734848,5.469696,540,7.0,843,7.0
4243512227.0,4- Hamilton Place,2.734848,8.204544,263,9.0,679,5.0
4243536034.0,4- Hamilton Place,2.734848,5.469696,711,7.0,582,5.0
4243550297.0,4- Hamilton Place,2.734848,5.469696,849,9.0,147,13.0
4243566032.0,4- Hamilton Place,2.734848,2.734848,694,8.0,711,7.0
4243578908.0,4- Hamilton Place,2.734848,5.469696,157,8.0,711,7.0
4243594246.0,4- Hamilton Place,2.734848,2.734848,487,7.0,717,8.0
4245998264.0,4- Hamilton Place,2.734848,8.204544,757,8.0,507,4.0
4246062354.0,4- Hamilton Place,2.734848,8.204544,316,9.0,316,9.0
4246131780.0,4- Hamilton Place,2.734848,5.469696,487,7.0,325,9.0
4246145531.0,4- Hamilton Place,2.734848,5.469696,472,7.0,325,9.0
4246160924.0,4- Hamilton Place,2.734848,5.469696,317,9.0,711,7.0
4246174241.0,4- Hamilton Place,2.734848,2.734848,477,8.0,711,7.0
4246216905.0,4- Hamilton Place,2.734848,5.469696,489,7.0,908,9.0
4246234635.0,4- Hamilton Place,2.734848,2.734848,711,7.0,344,8.0
4246244581.0,4- Hamilton Place,2.734848,2.734848,309,4.0,487,7.0
4246277244.0,4- Hamilton Place,2.734848,5.469696,487,7.0,487,7.0
4246289738.0,4- Hamilton Place,2.734848,2.734848,293,9.0,487,7.0
4246314290.0,4- Hamilton Place,2.734848,5.469696,286,9.0,487,7.0
4246339522.0,4- Hamilton Place,2.734848,2.734848,882,9.0,487,7.0
4246355035.0,4- Hamilton Place,2.734848,2.734848,423,8.0,487,7.0
4246363559.0,4- Hamilton Place,2.734848,5.469696,894,8.0,431,8.0
4246374732.0,4- Hamilton Place,2.734848,2.734848,327,9.0,431,8.0
4246544381.0,4- Hamilton Place,2.734848,5.469696,734,9.0,837,9.0
4246553214.0,4- Hamilton Place,2.734848,5.469696,711,7.0,711,7.0
4246573899.0,4- Hamilton Place,2.734848,2.734848,279,9.0,487,7.0
4246583662.0,4- Hamilton Place,2.734848,5.469696,462,8.0,487,7.0
4246593122.0,4- Hamilton Place,2.734848,2.734848,694,8.0,224,9.0
4246618857.0,4- Hamilton Place,2.734848,5.469696,724,9.0,486,7.0
4246653000.0,4- Hamilton Place,2.734848,5.469696,755,9.0,276,9.0
4246659957.0,4- Hamilton Place,2.734848,5.469696,882,9.0,276,9.0
4246679435.0,4- Hamilton Place,2.734848,8.204544,849,9.0,849,9.0
4246694073.0,4- Hamilton Place,2.734848,5.469696,277,9.0,487,7.0
4246708624.0,4- Hamilton Place,2.734848,5.469696,337,8.0,717,8.0
4246719424.0,4- Hamilton Place,2.734848,8.204544,396,4.0,717,8.0
4246728635.0,4- Hamilton Place,2.734848,8.204544,314,9.0,711,7.0
4246739142.0,4- Hamilton Place,2.734848,2.734848,454,8.0,328,8.0
4247830921.0,4- Hamilton Place,2.734848,2.734848,462,8.0,261,9.0
4247848329.0,1- Alton Park,2.488372,2.488372,271,9.0,752,9.0
4247854940.0,1- Alton Park,2.488372,2.488372,305,9.0,849,9.0
4247862981.0,1- Alton Park,2.488372,2.488372,837,9.0,837,9.0
4247870978.0,1- Alton Park,2.488372,2.488372,223,9.0,837,9.0
4247878478.0,1- Alton Park,2.488372,4.976744,332,8.0,837,9.0
4247881545.0,1- Alton Park,2.488372,4.976744,837,9.0,888,7.0
4247892784.0,1- Alton Park,2.488372,7.465116,453,8.0,224,9.0
4247915265.0,1- Alton Park,2.488372,2.488372,837,9.0,731,9.0
4247923973.0,1- Alton Park,2.488372,2.488372,238,9.0,849,9.0
4247927597.0,1- Alton Park,2.488372,2.488372,238,9.0,752,9.0
4247929974.0,1- Alton Park,2.488372,2.488372,325,9.0,752,9.0
4247934473.0,1- Alton Park,2.488372,2.488372,522,4.0,752,9.0
4247936900.0,1- Alton Park,2.488372,4.976744,245,9.0,711,7.0
4247938824.0,1- Alton Park,2.488372,4.976744,292,9.0,694,8.0
4247940576.0,1- Alton Park,2.488372,2.488372,271,9.0,289,9.0
4247942886.0,1- Alton Park,2.488372,4.976744,906,9.0,289,9.0
4240491760.0,3- Enterprise South,1.0,2.0,748,7.0,238,9.0
4240516932.0,16- Northgate,1.833333,3.666666,392,4.0,487,7.0
4240550176.0,9- East Lake,2.504202,2.504202,415,9.0,224,9.0
4240566989.0,9- East Lake,2.504202,2.504202,415,9.0,222,9.0
4240575262.0,9- East Lake,2.504202,2.504202,157,8.0,258,9.0
4240585550.0,1- Alton Park,2.488372,4.976744,837,9.0,240,13.0
4240603885.0,1- Alton Park,2.488372,7.465116,303,9.0,487,7.0
4240612540.0,1- Alton Park,2.488372,2.488372,726,9.0,268,9.0
4240621474.0,1- Alton Park,2.488372,2.488372,462,8.0,905,9.0
4240631844.0,15- St Elmo,1.925926,1.925926,838,9.0,838,9.0
4240646684.0,2- North Chattanooga,1.457627,2.915254,472,7.0,460,8.0
4240673626.0,2- North Chattanooga,1.457627,2.915254,382,4.0,382,4.0
4240689635.0,2- North Chattanooga,1.457627,1.457627,265,9.0,849,9.0
4240699660.0,2- North Chattanooga,1.457627,1.457627,849,9.0,849,9.0
4240709130.0,2- North Chattanooga,1.457627,2.915254,849,9.0,711,7.0
4240726677.0,2- North Chattanooga,1.457627,2.915254,849,9.0,717,8.0
4240738842.0,2- North Chattanooga,1.457627,2.915254,849,9.0,711,7.0
4240757017.0,2- North Chattanooga,1.457627,4.372881,849,9.0,849,9.0
4240766736.0,2- North Chattanooga,1.457627,1.457627,849,9.0,238,9.0
4240775026.0,2- North Chattanooga,1.457627,2.915254,849,9.0,318,9.0
4240787062.0,2- North Chattanooga,1.457627,2.915254,711,7.0,849,9.0
4240801137.0,2- North Chattanooga,1.457627,2.915254,886,9.0,244,9.0
4240836240.0,1- Alton Park,2.488372,2.488372,908,9.0,240,13.0
4240844245.0,1- Alton Park,2.488372,2.488372,270,9.0,288,9.0
4240853326.0,10- East Chattanooga,3.184783,6.369566,238,9.0,748,7.0
4240863265.0,10- East Chattanooga,3.184783,3.184783,721,9.0,227,9.0
4240873279.0,10- East Chattanooga,3.184783,6.369566,325,9.0,734,9.0
4240896545.0,10- East Chattanooga,3.184783,9.554349,334,8.0,724,9.0
4240903466.0,10- East Chattanooga,3.184783,9.554349,849,9.0,405,9.0
4240911867.0,10- East Chattanooga,3.184783,6.369566,731,9.0,501,5.0
4240928920.0,10- East Chattanooga,3.184783,3.184783,341,9.0,263,9.0
4241025446.0,10- East Chattanooga,3.184783,3.184783,240,13.0,734,9.0
4241053067.0,10- East Chattanooga,3.184783,9.554349,315,9.0,487,7.0
4241060286.0,10- East Chattanooga,3.184783,6.369566,711,7.0,757,8.0
4241066435.0,5- North Brainerd,1.022727,2.045454,466,8.0,905,9.0
4241073113.0,5- North Brainerd,1.022727,1.022727,429,8.0,465,8.0
4241082293.0,5- North Brainerd,1.022727,2.045454,453,8.0,449,8.0
4241091433.0,5- North Brainerd,1.022727,1.022727,432,8.0,466,8.0
4241104983.0,5- North Brainerd,1.022727,3.068181,752,9.0,464,8.0
4241137432.0,9- East Lake,2.504202,2.504202,316,9.0,418,8.0
4241144012.0,19- Cromwell Road,1.52381,1.52381,276,9.0,486,7.0
4241152825.0,16- Northgate,1.833333,1.833333,228,9.0,311,4.0
4241181260.0,4- Hamilton Place,2.734848,8.204544,752,9.0,544,7.0
4241195430.0,15- St Elmo,1.925926,3.851852,189,9.0,247,9.0
4241217106.0,15- St Elmo,1.925926,1.925926,834,9.0,271,9.0
4241232050.0,15- St Elmo,1.925926,3.851852,224,9.0,707,8.0
4241239243.0,15- St Elmo,1.925926,3.851852,222,9.0,834,9.0
4241247870.0,15- St Elmo,1.925926,1.925926,882,9.0,834,9.0
4241260621.0,15- St Elmo,1.925926,3.851852,271,9.0,189,9.0
4241267681.0,15- St Elmo,1.925926,1.925926,223,9.0,834,9.0
4241282259.0,15- St Elmo,1.925926,3.851852,405,9.0,189,9.0
4241294466.0,15- St Elmo,1.925926,1.925926,305,9.0,415,9.0
4241302045.0,15- St Elmo,1.925926,3.851852,247,9.0,849,9.0
4241310515.0,15- St Elmo,1.925926,3.851852,305,9.0,849,9.0
4241324768.0,15- St Elmo,1.925926,1.925926,264,9.0,189,9.0
4241338866.0,15- St Elmo,1.925926,5.777778,222,9.0,487,7.0
4241351408.0,15- St Elmo,1.925926,1.925926,405,9.0,834,9.0
4241358438.0,15- St Elmo,1.925926,3.851852,882,9.0,189,9.0
4241394360.0,4- Hamilton Place,2.734848,8.204544,316,9.0,316,9.0
4241404460.0,4- Hamilton Place,2.734848,5.469696,849,9.0,717,8.0
4241412317.0,4- Hamilton Place,2.734848,2.734848,428,8.0,717,8.0
4241419108.0,14- Mocs Express,2.678571,2.678571,472,7.0,279,9.0
4241424774.0,14- Mocs Express,2.678571,2.678571,285,9.0,279,9.0
4242354001.0,14- Mocs Express,2.678571,2.678571,275,9.0,885,9.0
4243119615.0,14- Mocs Express,2.678571,2.678571,278,9.0,422,8.0
4243128808.0,14- Mocs Express,2.678571,2.678571,275,9.0,278,9.0
4243136449.0,14- Mocs Express,2.678571,2.678571,275,9.0,278,9.0
4243143433.0,14- Mocs Express,2.678571,2.678571,278,9.0,285,9.0
14,14- Mocs Express,2.678571,2.678571,233,9.0,285,9.0
4243164955.0,14- Mocs Express,2.678571,2.678571,279,9.0,18,8.0
4243185405.0,14- Mocs Express,2.678571,2.678571,328,8.0,278,9.0
4243200145.0,14- Mocs Express,2.678571,2.678571,279,9.0,285,9.0
4243230353.0,14- Mocs Express,2.678571,2.678571,278,9.0,285,9.0
4243240312.0,14- Mocs Express,2.678571,2.678571,285,9.0,285,9.0
4243247855.0,14- Mocs Express,2.678571,2.678571,285,9.0,279,9.0
4243305953.0,14- Mocs Express,2.678571,2.678571,279,9.0,278,9.0
4243394832.0,14- Mocs Express,2.678571,8.035713,275,9.0,324,9.0
4243404339.0,14- Mocs Express,2.678571,2.678571,236,9.0,279,9.0
4243473909.0,14- Mocs Express,2.678571,2.678571,279,9.0,278,9.0
4243495147.0,14- Mocs Express,2.678571,2.678571,223,9.0,278,9.0
4243506987.0,14- Mocs Express,2.678571,2.678571,285,9.0,279,9.0
4243523779.0,14- Mocs Express,2.678571,5.357142,285,9.0,328,8.0
4243552737.0,14- Mocs Express,2.678571,2.678571,239,9.0,224,9.0
4243561094.0,14- Mocs Express,2.678571,2.678571,278,9.0,285,9.0
4243606379.0,14- Mocs Express,2.678571,2.678571,285,9.0,279,9.0
4243620809.0,14- Mocs Express,2.678571,2.678571,278,9.0,278,9.0
4243637203.0,4- Hamilton Place,2.734848,2.734848,278,9.0,278,9.0
4243649976.0,14- Mocs Express,2.678571,2.678571,316,9.0,279,9.0
4243657423.0,14- Mocs Express,2.678571,2.678571,278,9.0,285,9.0
4243675640.0,14- Mocs Express,2.678571,2.678571,424,8.0,279,9.0
4243694135.0,14- Mocs Express,2.678571,2.678571,279,9.0,285,9.0
4243702859.0,14- Mocs Express,2.678571,5.357142,285,9.0,285,9.0
4243711993.0,14- Mocs Express,2.678571,2.678571,240,13.0,278,9.0
4243721131.0,14- Mocs Express,2.678571,2.678571,334,8.0,279,9.0
4243736526.0,14- Mocs Express,2.678571,2.678571,275,9.0,278,9.0
4243761008.0,14- Mocs Express,2.678571,2.678571,279,9.0,285,9.0
4243770281.0,14- Mocs Express,2.678571,8.035713,189,9.0,285,9.0
4243781719.0,14- Mocs Express,2.678571,2.678571,189,9.0,219,9.0
4243792903.0,14- Mocs Express,2.678571,2.678571,189,9.0,244,9.0
4243825218.0,14- Mocs Express,2.678571,5.357142,189,9.0,501,5.0
4243838270.0,14- Mocs Express,2.678571,2.678571,189,9.0,262,9.0
4244304660.0,14- Mocs Express,2.678571,2.678571,405,9.0,238,9.0
4244318925.0,28- Amnicola,2.309091,2.309091,382,4.0,882,9.0
4244338656.0,19- Cromwell Road,1.52381,4.57143,882,9.0,903,8.0
4244363800.0,6- East Brainerd,1.0,3.0,334,8.0,711,7.0
4244389139.0,10- East Chattanooga,3.184783,3.184783,268,9.0,735,8.0
4244404758.0,4- Hamilton Place,2.734848,5.469696,454,8.0,711,7.0
4244411850.0,4- Hamilton Place,2.734848,2.734848,711,7.0,487,7.0
4244417344.0,4- Hamilton Place,2.734848,5.469696,222,9.0,711,7.0
4244423345.0,4- Hamilton Place,2.734848,2.734848,849,9.0,849,9.0
4244433196.0,4- Hamilton Place,2.734848,5.469696,316,9.0,849,9.0
4244453043.0,9- East Lake,2.504202,5.008404,341,9.0,418,8.0
4244480857.0,9- East Lake,2.504202,2.504202,309,4.0,327,9.0
4244490443.0,16- Northgate,1.833333,5.499999000000001,863,7.0,679,5.0
4244518857.0,16- Northgate,1.833333,3.666666,332,8.0,395,4.0
4244527681.0,16- Northgate,1.833333,1.833333,396,4.0,384,4.0
4244533593.0,16- Northgate,1.833333,1.833333,752,9.0,711,7.0
4244540284.0,16- Northgate,1.833333,3.666666,286,9.0,396,4.0
4244551284.0,16- Northgate,1.833333,1.833333,266,9.0,313,4.0
4245859199.0,9- East Lake,2.504202,2.504202,322,9.0,322,9.0
4245869491.0,10- East Chattanooga,3.184783,3.184783,679,5.0,841,7.0
4245884366.0,19- Cromwell Road,1.52381,1.52381,443,7.0,279,9.0
4245888457.0,28- Amnicola,2.309091,4.618182,752,9.0,882,9.0
4243079179.0,28- Amnicola,2.309091,2.309091,886,9.0,224,9.0
4243250455.0,8- Eastdale,1.421053,2.842106,734,9.0,882,9.0
4243263015.0,28- Amnicola,2.309091,4.618182,721,9.0,882,9.0
4243424689.0,28- Amnicola,2.309091,4.618182,395,4.0,392,4.0
4243437076.0,28- Amnicola,2.309091,2.309091,882,9.0,241,13.0
4243445720.0,28- Amnicola,2.309091,2.309091,238,9.0,238,9.0
4243469513.0,28- Amnicola,2.309091,2.309091,882,9.0,224,9.0
4243475024.0,28- Amnicola,2.309091,2.309091,882,9.0,279,9.0
4243597824.0,28- Amnicola,2.309091,4.618182,157,8.0,882,9.0
4243615590.0,28- Amnicola,2.309091,4.618182,882,9.0,241,13.0
4243984469.0,28- Amnicola,2.309091,4.618182,282,9.0,266,9.0
4244026467.0,28- Amnicola,2.309091,4.618182,882,9.0,462,8.0
4244133275.0,28- Amnicola,2.309091,4.618182,717,8.0,282,9.0
4244149928.0,28- Amnicola,2.309091,4.618182,882,9.0,849,9.0
4244155752.0,28- Amnicola,2.309091,4.618182,882,9.0,332,8.0
4244274655.0,28- Amnicola,2.309091,2.309091,882,9.0,224,9.0
4244282189.0,28- Amnicola,2.309091,4.618182,755,9.0,882,9.0
4244287020.0,28- Amnicola,2.309091,2.309091,726,9.0,726,9.0
4244299346.0,28- Amnicola,2.309091,4.618182,734,9.0,734,9.0
4244313440.0,28- Amnicola,2.309091,6.927273,167,11.0,882,9.0
4244341459.0,28- Amnicola,2.309091,2.309091,293,9.0,881,9.0
4244347237.0,28- Amnicola,2.309091,2.309091,279,9.0,882,9.0
4244355827.0,4- Hamilton Place,2.734848,2.734848,260,9.0,330,8.0
4244362443.0,4- Hamilton Place,2.734848,2.734848,335,8.0,752,9.0
4244368135.0,4- Hamilton Place,2.734848,2.734848,765,7.0,711,7.0
4244373076.0,4- Hamilton Place,2.734848,2.734848,709,7.0,709,7.0
4244377612.0,4- Hamilton Place,2.734848,5.469696,487,7.0,849,9.0
4244398413.0,4- Hamilton Place,2.734848,2.734848,721,9.0,752,9.0
4244402758.0,4- Hamilton Place,2.734848,2.734848,464,8.0,464,8.0
4244412136.0,4- Hamilton Place,2.734848,5.469696,396,4.0,472,7.0
4245816444.0,4- Hamilton Place,2.734848,2.734848,764,7.0,405,9.0
4245822578.0,4- Hamilton Place,2.734848,5.469696,764,7.0,857,8.0
4245830531.0,4- Hamilton Place,2.734848,5.469696,294,9.0,258,9.0
4245843833.0,4- Hamilton Place,2.734848,2.734848,375,7.0,235,9.0
4245851035.0,4- Hamilton Place,2.734848,2.734848,721,9.0,721,9.0
4245857832.0,4- Hamilton Place,2.734848,2.734848,428,8.0,476,8.0
4245864593.0,4- Hamilton Place,2.734848,8.204544,905,9.0,711,7.0
4245871247.0,4- Hamilton Place,2.734848,5.469696,327,9.0,327,9.0
4245877102.0,4- Hamilton Place,2.734848,5.469696,755,9.0,844,7.0
4245884117.0,4- Hamilton Place,2.734848,5.469696,324,9.0,679,5.0
4245893783.0,4- Hamilton Place,2.734848,8.204544,292,9.0,679,5.0
4245900026.0,4- Hamilton Place,2.734848,2.734848,429,8.0,717,8.0
4245916307.0,4- Hamilton Place,2.734848,5.469696,316,9.0,468,8.0
4245929263.0,4- Hamilton Place,2.734848,8.204544,431,8.0,272,9.0
4245944003.0,4- Hamilton Place,2.734848,2.734848,476,8.0,717,8.0
4245960395.0,4- Hamilton Place,2.734848,5.469696,765,7.0,318,9.0
4245974977.0,4- Hamilton Place,2.734848,2.734848,332,8.0,717,8.0
4245982605.0,4- Hamilton Place,2.734848,2.734848,318,9.0,717,8.0
4245990336.0,4- Hamilton Place,2.734848,5.469696,420,8.0,261,9.0
4246009335.0,10- East Chattanooga,3.184783,3.184783,325,9.0,325,9.0
4246016670.0,10- East Chattanooga,3.184783,6.369566,319,9.0,344,8.0
4246032426.0,4- Hamilton Place,2.734848,2.734848,279,9.0,487,7.0
4246040448.0,4- Hamilton Place,2.734848,5.469696,834,9.0,429,8.0
4246052729.0,4- Hamilton Place,2.734848,8.204544,431,8.0,752,9.0
4246061226.0,4- Hamilton Place,2.734848,5.469696,334,8.0,763,7.0
4246070944.0,4- Hamilton Place,2.734848,2.734848,724,9.0,223,9.0
4246125201.0,4- Hamilton Place,2.734848,2.734848,222,9.0,717,8.0
4246140890.0,4- Hamilton Place,2.734848,5.469696,723,9.0,455,8.0
4246151541.0,4- Hamilton Place,2.734848,5.469696,765,7.0,234,9.0
4246939909.0,4- Hamilton Place,2.734848,5.469696,721,9.0,863,7.0
4246962631.0,4- Hamilton Place,2.734848,5.469696,475,7.0,717,8.0
4246977389.0,4- Hamilton Place,2.734848,5.469696,903,8.0,711,7.0
4246986863.0,4- Hamilton Place,2.734848,2.734848,222,9.0,711,7.0
4246995005.0,4- Hamilton Place,2.734848,8.204544,908,9.0,881,9.0
4247004268.0,4- Hamilton Place,2.734848,5.469696,709,7.0,748,7.0
4245898924.0,4- Hamilton Place,2.734848,2.734848,322,9.0,765,7.0
4245904014.0,4- Hamilton Place,2.734848,2.734848,317,9.0,717,8.0
4245909052.0,4- Hamilton Place,2.734848,8.204544,735,8.0,863,7.0
4245914642.0,4- Hamilton Place,2.734848,2.734848,277,9.0,487,7.0
4245937006.0,4- Hamilton Place,2.734848,5.469696,305,9.0,717,8.0
4246087077.0,4- Hamilton Place,2.734848,2.734848,752,9.0,41,12.0
4246101121.0,4- Hamilton Place,2.734848,8.204544,711,7.0,224,9.0
4246105607.0,1- Alton Park,2.488372,2.488372,837,9.0,405,9.0
4246121750.0,1- Alton Park,2.488372,2.488372,849,9.0,908,9.0
4246128651.0,1- Alton Park,2.488372,2.488372,838,9.0,305,9.0
4246186148.0,1- Alton Park,2.488372,7.465116,908,9.0,224,9.0
4246197266.0,1- Alton Park,2.488372,2.488372,838,9.0,268,9.0
4246215203.0,21- Golden Gateway,2.755814,2.755814,344,8.0,322,9.0
4246221877.0,21- Golden Gateway,2.755814,5.511628,857,8.0,278,9.0
4246228205.0,21- Golden Gateway,2.755814,5.511628,849,9.0,717,8.0
4246234478.0,21- Golden Gateway,2.755814,5.511628,849,9.0,245,9.0
4246250550.0,21- Golden Gateway,2.755814,5.511628,849,9.0,882,9.0
4246326450.0,21- Golden Gateway,2.755814,8.267441999999999,849,9.0,757,8.0
4246377507.0,21- Golden Gateway,2.755814,5.511628,849,9.0,723,9.0
4246390426.0,21- Golden Gateway,2.755814,5.511628,679,5.0,849,9.0
4246534928.0,21- Golden Gateway,2.755814,2.755814,222,9.0,849,9.0
4246545014.0,21- Golden Gateway,2.755814,5.511628,284,8.0,849,9.0
4246575276.0,21- Golden Gateway,2.755814,2.755814,247,9.0,240,13.0
4246605997.0,10- East Chattanooga,3.184783,6.369566,905,9.0,748,7.0
4246622197.0,10- East Chattanooga,3.184783,6.369566,326,9.0,244,9.0
4246632977.0,10- East Chattanooga,3.184783,3.184783,334,8.0,228,9.0
4246648327.0,10- East Chattanooga,3.184783,3.184783,908,9.0,245,9.0
4246675011.0,10- East Chattanooga,3.184783,6.369566,474,8.0,245,9.0
4246756009.0,10- East Chattanooga,3.184783,6.369566,752,9.0,752,9.0
4246764209.0,10- East Chattanooga,3.184783,3.184783,288,9.0,258,9.0
4246768851.0,10- East Chattanooga,3.184783,3.184783,292,9.0,239,9.0
4246961849.0,10- East Chattanooga,3.184783,3.184783,341,9.0,240,13.0
4247074345.0,10- East Chattanooga,3.184783,3.184783,734,9.0,266,9.0
4247108987.0,10- East Chattanooga,3.184783,6.369566,279,9.0,752,9.0
4247124477.0,10- East Chattanooga,3.184783,3.184783,228,9.0,374,7.0
4247130144.0,10- East Chattanooga,3.184783,3.184783,334,8.0,220,9.0
4247135233.0,10- East Chattanooga,3.184783,3.184783,227,9.0,443,7.0
4247142123.0,10- East Chattanooga,3.184783,3.184783,334,8.0,726,9.0
4247146468.0,10- East Chattanooga,3.184783,6.369566,731,9.0,707,8.0
4248706642.0,1- Alton Park,2.488372,7.465116,905,9.0,265,9.0
4248739522.0,4- Hamilton Place,2.734848,2.734848,717,8.0,849,9.0
4248962216.0,4- Hamilton Place,2.734848,2.734848,224,9.0,317,9.0
4248994387.0,4- Hamilton Place,2.734848,2.734848,224,9.0,225,9.0
4249005907.0,4- Hamilton Place,2.734848,2.734848,279,9.0,544,7.0
4249015539.0,4- Hamilton Place,2.734848,8.204544,261,9.0,334,8.0
4249442389.0,4- Hamilton Place,2.734848,2.734848,223,9.0,488,7.0
4249475576.0,4- Hamilton Place,2.734848,2.734848,849,9.0,487,7.0
4250850149.0,4- Hamilton Place,2.734848,2.734848,711,7.0,883,9.0
4250856600.0,4- Hamilton Place,2.734848,8.204544,862,7.0,862,7.0
4250861097.0,4- Hamilton Place,2.734848,5.469696,849,9.0,244,9.0
4250863310.0,4- Hamilton Place,2.734848,2.734848,220,9.0,309,4.0
4250866299.0,4- Hamilton Place,2.734848,2.734848,711,7.0,462,8.0
4250872667.0,4- Hamilton Place,2.734848,5.469696,734,9.0,462,8.0
4250874775.0,4- Hamilton Place,2.734848,5.469696,267,9.0,462,8.0
4250885441.0,4- Hamilton Place,2.734848,2.734848,487,7.0,427,8.0
4250890566.0,4- Hamilton Place,2.734848,2.734848,277,9.0,277,9.0
4250901694.0,4- Hamilton Place,2.734848,2.734848,679,5.0,321,9.0
4250907827.0,16- Northgate,1.833333,1.833333,849,9.0,321,9.0
4250913757.0,16- Northgate,1.833333,1.833333,166,9.0,263,9.0
4251196181.0,16- Northgate,1.833333,5.499999000000001,461,8.0,415,9.0
4251198163.0,14- Mocs Express,2.678571,2.678571,456,8.0,456,8.0
4251199372.0,14- Mocs Express,2.678571,2.678571,285,9.0,278,9.0
4251201859.0,14- Mocs Express,2.678571,2.678571,279,9.0,285,9.0
4251203089.0,14- Mocs Express,2.678571,2.678571,279,9.0,425,8.0
4251203993.0,14- Mocs Express,2.678571,2.678571,279,9.0,285,9.0
4251204936.0,14- Mocs Express,2.678571,2.678571,278,9.0,285,9.0
4251205974.0,14- Mocs Express,2.678571,2.678571,397,4.0,278,9.0
4251207023.0,14- Mocs Express,2.678571,2.678571,863,7.0,279,9.0
4245129816.0,4- Hamilton Place,2.734848,2.734848,428,8.0,428,8.0
4245132179.0,4- Hamilton Place,2.734848,5.469696,717,8.0,305,9.0
4245134299.0,4- Hamilton Place,2.734848,5.469696,461,8.0,434,8.0
4245136398.0,4- Hamilton Place,2.734848,2.734848,765,7.0,454,8.0
4245145483.0,4- Hamilton Place,2.734848,2.734848,314,9.0,224,9.0
4245147827.0,4- Hamilton Place,2.734848,8.204544,717,8.0,734,9.0
4245151893.0,9- East Lake,2.504202,2.504202,319,9.0,236,9.0
4245155185.0,9- East Lake,2.504202,5.008404,410,9.0,429,8.0
4245157551.0,9- East Lake,2.504202,7.512606,319,9.0,814,7.0
4245159731.0,9- East Lake,2.504202,7.512606,316,9.0,724,9.0
4245166896.0,28- Amnicola,2.309091,4.618182,865,7.0,882,9.0
4245178823.0,28- Amnicola,2.309091,2.309091,274,9.0,882,9.0
4245182846.0,8- Eastdale,1.421053,4.263159,320,9.0,430,8.0
4245184841.0,8- Eastdale,1.421053,4.263159,309,4.0,894,8.0
4245186737.0,8- Eastdale,1.421053,4.263159,882,9.0,434,8.0
4245192070.0,8- Eastdale,1.421053,2.842106,446,8.0,416,9.0
4245193979.0,8- Eastdale,1.421053,2.842106,897,8.0,332,8.0
4245195645.0,8- Eastdale,1.421053,2.842106,219,9.0,894,8.0
4245203150.0,8- Eastdale,1.421053,1.421053,434,8.0,427,8.0
4245206250.0,8- Eastdale,1.421053,2.842106,765,7.0,897,8.0
4245816088.0,8- Eastdale,1.421053,2.842106,240,13.0,896,8.0
4245823890.0,8- Eastdale,1.421053,4.263159,432,8.0,711,7.0
4245827255.0,19- Cromwell Road,1.52381,1.52381,469,8.0,222,9.0
4245833430.0,19- Cromwell Road,1.52381,3.04762,246,9.0,454,8.0
4245850921.0,10- East Chattanooga,3.184783,3.184783,442,7.0,265,9.0
4245857945.0,1- Alton Park,2.488372,4.976744,907,9.0,849,9.0
4245866697.0,1- Alton Park,2.488372,4.976744,418,8.0,325,9.0
4245873701.0,1- Alton Park,2.488372,2.488372,267,9.0,232,9.0
4245881245.0,3- Enterprise South,1.0,2.0,905,9.0,748,7.0
4245886069.0,3- Enterprise South,1.0,2.0,748,7.0,318,9.0
4245892778.0,1- Alton Park,2.488372,4.976744,305,9.0,717,8.0
4245899960.0,1- Alton Park,2.488372,4.976744,905,9.0,717,8.0
4245908563.0,1- Alton Park,2.488372,4.976744,837,9.0,837,9.0
4245914266.0,1- Alton Park,2.488372,2.488372,405,9.0,838,9.0
4245921262.0,1- Alton Park,2.488372,7.465116,304,9.0,222,9.0
4245924177.0,1- Alton Park,2.488372,4.976744,303,9.0,680,5.0
4245932344.0,1- Alton Park,2.488372,4.976744,905,9.0,717,8.0
4245938490.0,1- Alton Park,2.488372,2.488372,837,9.0,837,9.0
4245943650.0,1- Alton Park,2.488372,2.488372,857,8.0,837,9.0
4245948442.0,1- Alton Park,2.488372,4.976744,317,9.0,905,9.0
4245953540.0,1- Alton Park,2.488372,4.976744,711,7.0,405,9.0
4245962976.0,1- Alton Park,2.488372,4.976744,315,9.0,405,9.0
4245974739.0,1- Alton Park,2.488372,4.976744,157,8.0,837,9.0
4245990578.0,1- Alton Park,2.488372,2.488372,256,9.0,3,8.0
4245994873.0,1- Alton Park,2.488372,4.976744,838,9.0,500,4.0
4246000937.0,1- Alton Park,2.488372,7.465116,838,9.0,304,9.0
4246014005.0,14- Mocs Express,2.678571,2.678571,278,9.0,285,9.0
4246022452.0,14- Mocs Express,2.678571,5.357142,290,9.0,308,4.0
4246029429.0,14- Mocs Express,2.678571,2.678571,293,9.0,216,9.0
4246036098.0,14- Mocs Express,2.678571,2.678571,278,9.0,285,9.0
4246041455.0,14- Mocs Express,2.678571,2.678571,279,9.0,275,9.0
4246057253.0,14- Mocs Express,2.678571,5.357142,269,9.0,849,9.0
4246073934.0,14- Mocs Express,2.678571,2.678571,275,9.0,487,7.0
4246084113.0,14- Mocs Express,2.678571,2.678571,279,9.0,752,9.0
4246088964.0,14- Mocs Express,2.678571,2.678571,285,9.0,279,9.0
4246096875.0,14- Mocs Express,2.678571,2.678571,278,9.0,285,9.0
4246107626.0,14- Mocs Express,2.678571,2.678571,290,9.0,285,9.0
4246111785.0,14- Mocs Express,2.678571,5.357142,731,9.0,227,9.0
4246115873.0,14- Mocs Express,2.678571,2.678571,278,9.0,275,9.0
4246122280.0,14- Mocs Express,2.678571,2.678571,278,9.0,293,9.0
4246134984.0,14- Mocs Express,2.678571,2.678571,278,9.0,285,9.0
4246139687.0,14- Mocs Express,2.678571,2.678571,278,9.0,228,9.0
4246146116.0,14- Mocs Express,2.678571,2.678571,278,9.0,285,9.0
4246161222.0,14- Mocs Express,2.678571,2.678571,285,9.0,279,9.0
4246168368.0,14- Mocs Express,2.678571,2.678571,382,4.0,328,8.0
4246173694.0,14- Mocs Express,2.678571,2.678571,278,9.0,285,9.0
4246181652.0,14- Mocs Express,2.678571,2.678571,285,9.0,279,9.0
4246193013.0,14- Mocs Express,2.678571,2.678571,275,9.0,278,9.0
4246208977.0,14- Mocs Express,2.678571,2.678571,285,9.0,279,9.0
4248394163.0,1- Alton Park,2.488372,2.488372,405,9.0,222,9.0
4248399376.0,1- Alton Park,2.488372,2.488372,837,9.0,460,8.0
4248412182.0,1- Alton Park,2.488372,4.976744,251,13.0,268,9.0
4248417944.0,1- Alton Park,2.488372,4.976744,315,9.0,315,9.0
4248423829.0,1- Alton Park,2.488372,4.976744,837,9.0,315,9.0
4248429090.0,1- Alton Park,2.488372,4.976744,837,9.0,224,9.0
4248435045.0,2- North Chattanooga,1.457627,4.372881,313,4.0,882,9.0
4248444210.0,2- North Chattanooga,1.457627,2.915254,327,9.0,309,4.0
4248449683.0,2- North Chattanooga,1.457627,2.915254,691,7.0,309,4.0
4248459528.0,2- North Chattanooga,1.457627,2.915254,849,9.0,886,9.0
4248471410.0,2- North Chattanooga,1.457627,1.457627,240,13.0,886,9.0
4248478293.0,2- North Chattanooga,1.457627,1.457627,309,4.0,886,9.0
4248486259.0,2- North Chattanooga,1.457627,2.915254,292,9.0,306,13.0
4248492314.0,2- North Chattanooga,1.457627,1.457627,309,4.0,882,9.0
4248501525.0,2- North Chattanooga,1.457627,1.457627,885,9.0,882,9.0
4248517427.0,19- Cromwell Road,1.52381,3.04762,462,8.0,468,8.0
4248524024.0,19- Cromwell Road,1.52381,3.04762,849,9.0,468,8.0
4253499758.0,19- Cromwell Road,1.52381,3.04762,265,9.0,468,8.0
4253506619.0,19- Cromwell Road,1.52381,3.04762,224,9.0,487,7.0
4253540985.0,19- Cromwell Road,1.52381,4.57143,293,9.0,487,7.0
4253547692.0,19- Cromwell Road,1.52381,4.57143,849,9.0,711,7.0
4253555327.0,19- Cromwell Road,1.52381,4.57143,904,8.0,708,8.0
4253571861.0,19- Cromwell Road,1.52381,1.52381,903,8.0,261,9.0
4253582825.0,19- Cromwell Road,1.52381,4.57143,487,7.0,261,9.0
4253595823.0,19- Cromwell Road,1.52381,1.52381,222,9.0,261,9.0
4253610838.0,19- Cromwell Road,1.52381,1.52381,903,8.0,882,9.0
4253624807.0,19- Cromwell Road,1.52381,1.52381,755,9.0,882,9.0
4253632048.0,19- Cromwell Road,1.52381,1.52381,474,8.0,882,9.0
4253643940.0,14- Mocs Express,2.678571,2.678571,275,9.0,278,9.0
4253655895.0,14- Mocs Express,2.678571,5.357142,752,9.0,278,9.0
4253665324.0,14- Mocs Express,2.678571,2.678571,278,9.0,278,9.0
4253678413.0,14- Mocs Express,2.678571,2.678571,275,9.0,278,9.0
4253686068.0,14- Mocs Express,2.678571,2.678571,275,9.0,278,9.0
4253697803.0,14- Mocs Express,2.678571,2.678571,499,5.0,279,9.0
4253703643.0,14- Mocs Express,2.678571,2.678571,279,9.0,285,9.0
4253708880.0,14- Mocs Express,2.678571,2.678571,254,9.0,328,8.0
4253713820.0,4- Hamilton Place,2.734848,2.734848,711,7.0,723,9.0
4253722794.0,4- Hamilton Place,2.734848,8.204544,157,8.0,316,9.0
4253741944.0,4- Hamilton Place,2.734848,2.734848,428,8.0,849,9.0
4253747972.0,4- Hamilton Place,2.734848,2.734848,314,9.0,849,9.0
4253754666.0,4- Hamilton Place,2.734848,8.204544,885,9.0,602,6.0
4253777315.0,4- Hamilton Place,2.734848,5.469696,849,9.0,222,9.0
4253784127.0,4- Hamilton Place,2.734848,5.469696,275,9.0,721,9.0
4253792888.0,4- Hamilton Place,2.734848,5.469696,316,9.0,476,8.0
4253799958.0,4- Hamilton Place,2.734848,5.469696,276,9.0,476,8.0
4253883195.0,4- Hamilton Place,2.734848,5.469696,276,9.0,723,9.0
4253889032.0,4- Hamilton Place,2.734848,5.469696,344,8.0,428,8.0
4253893850.0,4- Hamilton Place,2.734848,2.734848,446,8.0,865,7.0
4253902177.0,4- Hamilton Place,2.734848,2.734848,885,9.0,222,9.0
4253913192.0,4- Hamilton Place,2.734848,5.469696,849,9.0,849,9.0
4253924402.0,4- Hamilton Place,2.734848,2.734848,429,8.0,717,8.0
4254662471.0,4- Hamilton Place,2.734848,8.204544,544,7.0,734,9.0
4254676760.0,4- Hamilton Place,2.734848,2.734848,263,9.0,256,9.0
4254680676.0,16- Northgate,1.833333,3.666666,276,9.0,256,9.0
4254687986.0,3- Enterprise South,1.0,2.0,267,9.0,749,7.0
4254693594.0,3- Enterprise South,1.0,2.0,908,9.0,748,7.0
4254699489.0,3- Enterprise South,1.0,1.0,220,9.0,748,7.0
4254703294.0,3- Enterprise South,1.0,1.0,849,9.0,748,7.0
4254713424.0,9- East Lake,2.504202,2.504202,157,8.0,849,9.0
4254719507.0,4- Hamilton Place,2.734848,2.734848,694,8.0,258,9.0
4254724508.0,4- Hamilton Place,2.734848,5.469696,462,8.0,334,8.0
4254733806.0,4- Hamilton Place,2.734848,2.734848,837,9.0,544,7.0
4254738148.0,4- Hamilton Place,2.734848,5.469696,261,9.0,858,8.0
4246626940.0,14- Mocs Express,2.678571,2.678571,278,9.0,275,9.0
4246632628.0,14- Mocs Express,2.678571,2.678571,279,9.0,279,9.0
4246637594.0,14- Mocs Express,2.678571,2.678571,289,9.0,223,9.0
4246667093.0,14- Mocs Express,2.678571,2.678571,278,9.0,279,9.0
4246677428.0,14- Mocs Express,2.678571,2.678571,279,9.0,275,9.0
4246790840.0,14- Mocs Express,2.678571,2.678571,285,9.0,285,9.0
4246798173.0,14- Mocs Express,2.678571,2.678571,279,9.0,278,9.0
4246815938.0,14- Mocs Express,2.678571,2.678571,734,9.0,734,9.0
4246834226.0,14- Mocs Express,2.678571,2.678571,275,9.0,278,9.0
4246840476.0,14- Mocs Express,2.678571,2.678571,275,9.0,752,9.0
4246846763.0,1- Alton Park,2.488372,4.976744,501,5.0,405,9.0
4246853333.0,1- Alton Park,2.488372,4.976744,266,9.0,405,9.0
4246858672.0,1- Alton Park,2.488372,4.976744,908,9.0,332,8.0
4246864360.0,1- Alton Park,2.488372,2.488372,405,9.0,837,9.0
4246874557.0,4- Hamilton Place,2.734848,5.469696,752,9.0,432,8.0
4246887220.0,4- Hamilton Place,2.734848,2.734848,220,9.0,554,6.0
4246893810.0,4- Hamilton Place,2.734848,2.734848,221,9.0,853,7.0
4246913222.0,4- Hamilton Place,2.734848,2.734848,752,9.0,863,7.0
4246923143.0,4- Hamilton Place,2.734848,2.734848,262,9.0,425,8.0
4247648150.0,10- East Chattanooga,3.184783,3.184783,344,8.0,227,9.0
4247651676.0,10- East Chattanooga,3.184783,6.369566,849,9.0,731,9.0
4247656291.0,3- Enterprise South,1.0,2.0,424,8.0,341,9.0
4247660316.0,3- Enterprise South,1.0,3.0,228,9.0,341,9.0
4247664916.0,4- Hamilton Place,2.734848,5.469696,765,7.0,449,8.0
4247667935.0,4- Hamilton Place,2.734848,5.469696,316,9.0,316,9.0
4247673510.0,4- Hamilton Place,2.734848,2.734848,276,9.0,276,9.0
4247679201.0,4- Hamilton Place,2.734848,8.204544,885,9.0,135,6.0
4247690434.0,4- Hamilton Place,2.734848,2.734848,708,8.0,332,8.0
4247693413.0,4- Hamilton Place,2.734848,5.469696,466,8.0,488,7.0
4247700028.0,4- Hamilton Place,2.734848,5.469696,476,8.0,454,8.0
4247707230.0,4- Hamilton Place,2.734848,2.734848,324,9.0,711,7.0
4247710040.0,4- Hamilton Place,2.734848,5.469696,849,9.0,711,7.0
4247713017.0,4- Hamilton Place,2.734848,8.204544,849,9.0,849,9.0
4247716538.0,4- Hamilton Place,2.734848,2.734848,258,9.0,840,7.0
4247719856.0,4- Hamilton Place,2.734848,2.734848,221,9.0,853,7.0
4247723125.0,4- Hamilton Place,2.734848,2.734848,228,9.0,853,7.0
4247725385.0,4- Hamilton Place,2.734848,2.734848,262,9.0,840,7.0
4247727810.0,4- Hamilton Place,2.734848,2.734848,268,9.0,808,7.0
4247730178.0,4- Hamilton Place,2.734848,2.734848,694,8.0,224,9.0
4247733961.0,4- Hamilton Place,2.734848,2.734848,262,9.0,425,8.0
4247743503.0,2- North Chattanooga,1.457627,2.915254,328,8.0,309,4.0
4247748151.0,2- North Chattanooga,1.457627,1.457627,223,9.0,227,9.0
4247755381.0,2- North Chattanooga,1.457627,2.915254,273,9.0,849,9.0
4247758587.0,2- North Chattanooga,1.457627,1.457627,863,7.0,849,9.0
4247761407.0,2- North Chattanooga,1.457627,2.915254,849,9.0,849,9.0
4247765642.0,2- North Chattanooga,1.457627,2.915254,849,9.0,849,9.0
4247768019.0,2- North Chattanooga,1.457627,2.915254,274,9.0,849,9.0
4247782358.0,21- Golden Gateway,2.755814,2.755814,244,9.0,271,9.0
4247790856.0,21- Golden Gateway,2.755814,5.511628,849,9.0,224,9.0
4247802546.0,21- Golden Gateway,2.755814,2.755814,318,9.0,224,9.0
4247806975.0,21- Golden Gateway,2.755814,2.755814,849,9.0,223,9.0
4247810107.0,21- Golden Gateway,2.755814,5.511628,863,7.0,849,9.0
4247814544.0,21- Golden Gateway,2.755814,5.511628,849,9.0,849,9.0
4247816801.0,21- Golden Gateway,2.755814,5.511628,849,9.0,224,9.0
4247818875.0,21- Golden Gateway,2.755814,8.267441999999999,222,9.0,218,9.0
4247829576.0,21- Golden Gateway,2.755814,5.511628,487,7.0,712,7.0
4247839467.0,21- Golden Gateway,2.755814,5.511628,679,5.0,276,9.0
4247843389.0,21- Golden Gateway,2.755814,5.511628,752,9.0,276,9.0
4247849158.0,21- Golden Gateway,2.755814,2.755814,462,8.0,309,4.0
4247861906.0,21- Golden Gateway,2.755814,5.511628,715,13.0,299,9.0
4247869256.0,21- Golden Gateway,2.755814,8.267441999999999,849,9.0,849,9.0
4247877533.0,21- Golden Gateway,2.755814,2.755814,849,9.0,308,4.0
4247879257.0,21- Golden Gateway,2.755814,5.511628,849,9.0,166,9.0
4247881143.0,21- Golden Gateway,2.755814,5.511628,225,9.0,308,4.0
4247883299.0,21- Golden Gateway,2.755814,5.511628,849,9.0,223,9.0
4247886148.0,21- Golden Gateway,2.755814,2.755814,849,9.0,265,9.0
4248466827.0,4- Hamilton Place,2.734848,2.734848,285,9.0,279,9.0
4248475695.0,14- Mocs Express,2.678571,2.678571,694,8.0,317,9.0
4248484220.0,14- Mocs Express,2.678571,2.678571,275,9.0,275,9.0
4248497468.0,14- Mocs Express,2.678571,2.678571,279,9.0,285,9.0
4248503103.0,14- Mocs Express,2.678571,2.678571,278,9.0,752,9.0
4248511333.0,14- Mocs Express,2.678571,2.678571,285,9.0,328,8.0
4248524421.0,14- Mocs Express,2.678571,2.678571,278,9.0,461,8.0
4248543863.0,14- Mocs Express,2.678571,2.678571,233,9.0,278,9.0
4248594016.0,14- Mocs Express,2.678571,2.678571,275,9.0,285,9.0
4248599434.0,14- Mocs Express,2.678571,5.357142,326,9.0,289,9.0
4248648288.0,14- Mocs Express,2.678571,2.678571,279,9.0,279,9.0
4248656565.0,14- Mocs Express,2.678571,2.678571,293,9.0,289,9.0
4248677989.0,14- Mocs Express,2.678571,2.678571,278,9.0,285,9.0
4248683248.0,14- Mocs Express,2.678571,2.678571,285,9.0,285,9.0
4248693457.0,14- Mocs Express,2.678571,2.678571,226,9.0,275,9.0
4248700454.0,14- Mocs Express,2.678571,2.678571,278,9.0,285,9.0
4248722905.0,14- Mocs Express,2.678571,2.678571,279,9.0,285,9.0
4248873632.0,14- Mocs Express,2.678571,5.357142,279,9.0,285,9.0
4248880520.0,14- Mocs Express,2.678571,2.678571,279,9.0,278,9.0
4248960548.0,14- Mocs Express,2.678571,2.678571,279,9.0,278,9.0
4248986445.0,14- Mocs Express,2.678571,5.357142,752,9.0,481,8.0
4248995836.0,14- Mocs Express,2.678571,2.678571,285,9.0,215,9.0
4249130378.0,14- Mocs Express,2.678571,2.678571,293,9.0,278,9.0
4249135591.0,14- Mocs Express,2.678571,2.678571,278,9.0,285,9.0
4250848868.0,14- Mocs Express,2.678571,5.357142,292,9.0,294,9.0
4250856794.0,14- Mocs Express,2.678571,2.678571,285,9.0,279,9.0
4250861859.0,14- Mocs Express,2.678571,2.678571,278,9.0,285,9.0
4250864205.0,14- Mocs Express,2.678571,2.678571,275,9.0,279,9.0
4250871856.0,14- Mocs Express,2.678571,2.678571,285,9.0,279,9.0
4250886785.0,14- Mocs Express,2.678571,2.678571,285,9.0,285,9.0
4250889257.0,14- Mocs Express,2.678571,2.678571,289,9.0,285,9.0
4250892350.0,14- Mocs Express,2.678571,2.678571,752,9.0,279,9.0
4250893779.0,14- Mocs Express,2.678571,2.678571,290,9.0,285,9.0
4250895207.0,14- Mocs Express,2.678571,2.678571,404,13.0,279,9.0
4250897922.0,14- Mocs Express,2.678571,2.678571,275,9.0,278,9.0
4250899436.0,14- Mocs Express,2.678571,2.678571,275,9.0,474,8.0
4250901507.0,14- Mocs Express,2.678571,2.678571,279,9.0,233,9.0
4250905248.0,14- Mocs Express,2.678571,2.678571,278,9.0,285,9.0
4250906856.0,14- Mocs Express,2.678571,2.678571,233,9.0,275,9.0
4251220717.0,16- Northgate,1.833333,1.833333,309,4.0,418,8.0
4251225352.0,4- Hamilton Place,2.734848,2.734848,694,8.0,428,8.0
4251229291.0,4- Hamilton Place,2.734848,5.469696,488,7.0,721,9.0
4251238303.0,3- Enterprise South,1.0,2.0,222,9.0,268,9.0
4251239421.0,4- Hamilton Place,2.734848,2.734848,717,8.0,318,9.0
4251245285.0,4- Hamilton Place,2.734848,5.469696,316,9.0,415,9.0
4251246717.0,4- Hamilton Place,2.734848,8.204544,474,8.0,223,9.0
4251249011.0,4- Hamilton Place,2.734848,5.469696,344,8.0,344,8.0
4251250906.0,4- Hamilton Place,2.734848,2.734848,487,7.0,275,9.0
4251252435.0,4- Hamilton Place,2.734848,5.469696,863,7.0,765,7.0
4251254410.0,6- East Brainerd,1.0,1.0,486,7.0,487,7.0
4251255518.0,6- East Brainerd,1.0,1.0,487,7.0,765,7.0
4251256998.0,6- East Brainerd,1.0,2.0,328,8.0,300,9.0
4251258511.0,6- East Brainerd,1.0,3.0,326,9.0,764,7.0
4251260952.0,6- East Brainerd,1.0,2.0,694,8.0,327,9.0
4251261957.0,6- East Brainerd,1.0,2.0,332,8.0,863,7.0
4251262880.0,6- East Brainerd,1.0,1.0,863,7.0,487,7.0
4251265794.0,6- East Brainerd,1.0,2.0,279,9.0,765,7.0
4251272025.0,6- East Brainerd,1.0,2.0,840,7.0,863,7.0
4251273965.0,6- East Brainerd,1.0,1.0,717,8.0,711,7.0
4251276403.0,6- East Brainerd,1.0,3.0,415,9.0,335,8.0
4251280080.0,6- East Brainerd,1.0,2.0,712,7.0,222,9.0
4251281942.0,6- East Brainerd,1.0,1.0,487,7.0,840,7.0
4251282854.0,6- East Brainerd,1.0,1.0,764,7.0,763,7.0
4251284141.0,6- East Brainerd,1.0,2.0,244,9.0,476,8.0
4251285028.0,6- East Brainerd,1.0,3.0,331,8.0,540,7.0
4251622400.0,6- East Brainerd,1.0,3.0,319,9.0,814,7.0
4251624153.0,6- East Brainerd,1.0,2.0,327,9.0,694,8.0
4251625688.0,6- East Brainerd,1.0,2.0,765,7.0,717,8.0
4251630184.0,6- East Brainerd,1.0,3.0,418,8.0,476,8.0
4251635850.0,5- North Brainerd,1.022727,2.045454,466,8.0,384,4.0
4251637190.0,5- North Brainerd,1.022727,3.068181,463,8.0,481,8.0
4251639562.0,5- North Brainerd,1.022727,3.068181,222,9.0,431,8.0
4251640852.0,5- North Brainerd,1.022727,3.068181,222,9.0,466,8.0
4251642167.0,5- North Brainerd,1.022727,2.045454,711,7.0,453,8.0
4251643485.0,5- North Brainerd,1.022727,1.022727,717,8.0,857,8.0
4251644958.0,5- North Brainerd,1.022727,1.022727,449,8.0,449,8.0
4251647873.0,8- Eastdale,1.421053,4.263159,415,9.0,335,8.0
4251654197.0,8- Eastdale,1.421053,1.421053,896,8.0,843,7.0
4251656265.0,8- Eastdale,1.421053,4.263159,717,8.0,335,8.0
4251658170.0,21- Golden Gateway,2.755814,2.755814,849,9.0,227,9.0
4251659825.0,21- Golden Gateway,2.755814,2.755814,223,9.0,849,9.0
4251661441.0,21- Golden Gateway,2.755814,8.267441999999999,449,8.0,288,9.0
4251663040.0,21- Golden Gateway,2.755814,2.755814,265,9.0,309,4.0
4251665877.0,21- Golden Gateway,2.755814,5.511628,321,9.0,717,8.0
4251667740.0,2- North Chattanooga,1.457627,1.457627,309,4.0,258,9.0
4251669322.0,2- North Chattanooga,1.457627,1.457627,309,4.0,711,7.0
4251670466.0,2- North Chattanooga,1.457627,2.915254,309,4.0,717,8.0
4251671592.0,2- North Chattanooga,1.457627,1.457627,221,9.0,849,9.0
4251673217.0,9- East Lake,2.504202,2.504202,764,7.0,763,7.0
4251674897.0,4- Hamilton Place,2.734848,2.734848,544,7.0,840,7.0
4251678042.0,4- Hamilton Place,2.734848,8.204544,300,9.0,764,7.0
4251682616.0,4- Hamilton Place,2.734848,2.734848,487,7.0,476,8.0
4251684089.0,4- Hamilton Place,2.734848,2.734848,258,9.0,849,9.0
4251692709.0,4- Hamilton Place,2.734848,8.204544,726,9.0,843,7.0
4251697266.0,4- Hamilton Place,2.734848,5.469696,487,7.0,267,9.0
4251701620.0,4- Hamilton Place,2.734848,5.469696,905,9.0,265,9.0
4251704128.0,4- Hamilton Place,2.734848,2.734848,275,9.0,717,8.0
4251705743.0,4- Hamilton Place,2.734848,2.734848,434,8.0,717,8.0
4251707042.0,4- Hamilton Place,2.734848,5.469696,412,9.0,462,8.0
4251712700.0,4- Hamilton Place,2.734848,5.469696,418,8.0,711,7.0
4251714082.0,4- Hamilton Place,2.734848,8.204544,415,9.0,476,8.0
4251716791.0,4- Hamilton Place,2.734848,5.469696,711,7.0,268,9.0
4251718450.0,4- Hamilton Place,2.734848,5.469696,765,7.0,317,9.0
4251720271.0,4- Hamilton Place,2.734848,5.469696,717,8.0,265,9.0
4251721951.0,4- Hamilton Place,2.734848,2.734848,711,7.0,240,13.0
4251739864.0,8- Eastdale,1.421053,2.842106,324,9.0,263,9.0
4251740995.0,8- Eastdale,1.421053,4.263159,849,9.0,335,8.0
4251743959.0,8- Eastdale,1.421053,4.263159,896,8.0,752,9.0
4251747194.0,8- Eastdale,1.421053,1.421053,335,8.0,752,9.0
4251748705.0,8- Eastdale,1.421053,4.263159,244,9.0,752,9.0
4251854884.0,10- East Chattanooga,3.184783,3.184783,334,8.0,263,9.0
4251856313.0,10- East Chattanooga,3.184783,6.369566,344,8.0,265,9.0
4251859440.0,3- Enterprise South,1.0,1.0,239,9.0,748,7.0
4251861032.0,3- Enterprise South,1.0,1.0,223,9.0,748,7.0
4251862647.0,3- Enterprise South,1.0,1.0,267,9.0,748,7.0
4251864471.0,3- Enterprise South,1.0,1.0,268,9.0,748,7.0
4251866069.0,3- Enterprise South,1.0,2.0,838,9.0,808,7.0
4251867574.0,16- Northgate,1.833333,1.833333,219,9.0,502,4.0
4251870450.0,16- Northgate,1.833333,3.666666,340,4.0,232,9.0
4251724155.0,4- Hamilton Place,2.734848,2.734848,865,7.0,825,6.0
4251726181.0,4- Hamilton Place,2.734848,8.204544,849,9.0,825,6.0
4263283059.0,21- Golden Gateway,2.755814,5.511628,849,9.0,271,9.0
4251727606.0,4- Hamilton Place,2.734848,2.734848,487,7.0,717,8.0
4251731429.0,8- Eastdale,1.421053,2.842106,336,8.0,336,8.0
4251736352.0,4- Hamilton Place,2.734848,2.734848,717,8.0,274,9.0
4251738073.0,4- Hamilton Place,2.734848,5.469696,812,7.0,907,9.0
4251882508.0,16- Northgate,1.833333,1.833333,487,7.0,312,4.0
4251900008.0,16- Northgate,1.833333,1.833333,262,9.0,679,5.0
4251901945.0,16- Northgate,1.833333,1.833333,396,4.0,501,5.0
4251906348.0,16- Northgate,1.833333,1.833333,679,5.0,394,4.0
4251908172.0,16- Northgate,1.833333,1.833333,167,11.0,501,5.0
4251917926.0,16- Northgate,1.833333,1.833333,262,9.0,493,5.0
4251919400.0,16- Northgate,1.833333,1.833333,261,9.0,166,9.0
4251920971.0,9- East Lake,2.504202,5.008404,487,7.0,223,9.0
4251925620.0,16- Northgate,1.833333,3.666666,392,4.0,849,9.0
4252059921.0,16- Northgate,1.833333,3.666666,684,4.0,308,4.0
4252064875.0,16- Northgate,1.833333,3.666666,392,4.0,679,5.0
4252066549.0,16- Northgate,1.833333,5.499999000000001,735,8.0,529,5.0
4252067960.0,16- Northgate,1.833333,3.666666,239,9.0,679,5.0
4252075280.0,4- Hamilton Place,2.734848,8.204544,717,8.0,500,4.0
4252077976.0,16- Northgate,1.833333,5.499999000000001,764,7.0,500,4.0
4252079287.0,16- Northgate,1.833333,5.499999000000001,222,9.0,679,5.0
4252080851.0,16- Northgate,1.833333,3.666666,882,9.0,313,4.0
4252082961.0,16- Northgate,1.833333,1.833333,717,8.0,395,4.0
4252085156.0,9- East Lake,2.504202,5.008404,167,11.0,395,4.0
4252086615.0,4- Hamilton Place,2.734848,5.469696,412,9.0,752,9.0
4252088006.0,16- Northgate,1.833333,1.833333,415,9.0,724,9.0
4252092444.0,16- Northgate,1.833333,1.833333,327,9.0,157,8.0
4252099510.0,16- Northgate,1.833333,3.666666,828,9.0,849,9.0
4252101062.0,16- Northgate,1.833333,5.499999000000001,241,13.0,684,4.0
4252111774.0,16- Northgate,1.833333,3.666666,158,8.0,679,5.0
4252119145.0,16- Northgate,1.833333,1.833333,265,9.0,679,5.0
4252269919.0,21- Golden Gateway,2.755814,2.755814,849,9.0,849,9.0
4252283299.0,21- Golden Gateway,2.755814,2.755814,849,9.0,224,9.0
4252284792.0,21- Golden Gateway,2.755814,5.511628,265,9.0,309,4.0
4252286361.0,3- Enterprise South,1.0,2.0,313,4.0,748,7.0
4252291436.0,19- Cromwell Road,1.52381,3.04762,461,8.0,711,7.0
4252293560.0,2- North Chattanooga,1.457627,4.372881,545,7.0,487,7.0
4252297115.0,10- East Chattanooga,3.184783,3.184783,462,8.0,215,9.0
4252298679.0,10- East Chattanooga,3.184783,6.369566,288,9.0,882,9.0
4252304273.0,10- East Chattanooga,3.184783,6.369566,292,9.0,752,9.0
4252308048.0,10- East Chattanooga,3.184783,3.184783,344,8.0,279,9.0
4252311870.0,10- East Chattanooga,3.184783,3.184783,334,8.0,247,9.0
4252315761.0,10- East Chattanooga,3.184783,3.184783,227,9.0,247,9.0
4252319782.0,1- Alton Park,2.488372,4.976744,837,9.0,865,7.0
4252329125.0,1- Alton Park,2.488372,4.976744,905,9.0,717,8.0
4252299159.0,1- Alton Park,2.488372,2.488372,905,9.0,214,9.0
4252301244.0,1- Alton Park,2.488372,2.488372,835,9.0,752,9.0
4252303424.0,14- Mocs Express,2.678571,2.678571,289,9.0,279,9.0
4252306002.0,14- Mocs Express,2.678571,2.678571,840,7.0,275,9.0
4252307159.0,14- Mocs Express,2.678571,2.678571,275,9.0,278,9.0
4252308851.0,14- Mocs Express,2.678571,2.678571,275,9.0,278,9.0
4252311938.0,14- Mocs Express,2.678571,2.678571,279,9.0,279,9.0
4252313454.0,14- Mocs Express,2.678571,2.678571,285,9.0,285,9.0
4252315454.0,14- Mocs Express,2.678571,2.678571,840,7.0,275,9.0
4252317238.0,14- Mocs Express,2.678571,2.678571,279,9.0,285,9.0
4252318598.0,14- Mocs Express,2.678571,2.678571,290,9.0,285,9.0
4252320094.0,14- Mocs Express,2.678571,2.678571,278,9.0,845,7.0
4252321461.0,14- Mocs Express,2.678571,2.678571,275,9.0,328,8.0
4252325604.0,14- Mocs Express,2.678571,2.678571,285,9.0,285,9.0
4252327131.0,14- Mocs Express,2.678571,2.678571,279,9.0,285,9.0
4252329830.0,14- Mocs Express,2.678571,2.678571,278,9.0,275,9.0
4252342074.0,16- Northgate,1.833333,1.833333,597,5.0,227,9.0
4252350694.0,9- East Lake,2.504202,5.008404,314,9.0,707,8.0
4252355652.0,9- East Lake,2.504202,5.008404,418,8.0,291,9.0
4252359892.0,9- East Lake,2.504202,7.512606,418,8.0,291,9.0
4252331788.0,9- East Lake,2.504202,5.008404,849,9.0,849,9.0
4252333400.0,9- East Lake,2.504202,2.504202,418,8.0,263,9.0
4252338586.0,9- East Lake,2.504202,5.008404,715,13.0,717,8.0
4252340399.0,9- East Lake,2.504202,5.008404,828,9.0,252,4.0
4252342014.0,13- Rossville,2.37037,2.37037,724,9.0,276,9.0
4252346798.0,13- Rossville,2.37037,2.37037,276,9.0,297,9.0
4252348065.0,13- Rossville,2.37037,4.74074,309,4.0,694,8.0
4252349908.0,13- Rossville,2.37037,2.37037,325,9.0,276,9.0
4252351340.0,13- Rossville,2.37037,4.74074,160,11.0,882,9.0
4252355408.0,13- Rossville,2.37037,4.74074,316,9.0,882,9.0
4252357024.0,13- Rossville,2.37037,2.37037,236,9.0,309,4.0
4252358758.0,13- Rossville,2.37037,4.74074,415,9.0,409,9.0
4252360259.0,13- Rossville,2.37037,2.37037,841,7.0,476,8.0
4252361551.0,13- Rossville,2.37037,4.74074,321,9.0,476,8.0
4252364451.0,13- Rossville,2.37037,4.74074,271,9.0,166,9.0
4259970017.0,1- Alton Park,2.488372,2.488372,838,9.0,838,9.0
4259994462.0,1- Alton Park,2.488372,4.976744,327,9.0,328,8.0
4259998434.0,1- Alton Park,2.488372,2.488372,908,9.0,908,9.0
4260009860.0,1- Alton Park,2.488372,4.976744,256,9.0,837,9.0
4260014395.0,1- Alton Park,2.488372,7.465116,454,8.0,454,8.0
4260027647.0,1- Alton Park,2.488372,4.976744,417,9.0,837,9.0
4260032146.0,1- Alton Park,2.488372,4.976744,905,9.0,752,9.0
4260037483.0,1- Alton Park,2.488372,4.976744,838,9.0,752,9.0
4260048726.0,1- Alton Park,2.488372,2.488372,752,9.0,723,9.0
4260051091.0,1- Alton Park,2.488372,2.488372,334,8.0,238,9.0
4260116631.0,1- Alton Park,2.488372,7.465116,416,9.0,238,9.0
4261193374.0,9- East Lake,2.504202,5.008404,319,9.0,286,9.0
4261199183.0,9- East Lake,2.504202,2.504202,828,9.0,679,5.0
4261272282.0,9- East Lake,2.504202,2.504202,157,8.0,267,9.0
4261301779.0,9- East Lake,2.504202,2.504202,228,9.0,418,8.0
4261311469.0,9- East Lake,2.504202,5.008404,319,9.0,298,9.0
4261318419.0,9- East Lake,2.504202,5.008404,415,9.0,228,9.0
4261347764.0,9- East Lake,2.504202,2.504202,320,9.0,279,9.0
4261381445.0,10- East Chattanooga,3.184783,3.184783,734,9.0,279,9.0
4261386918.0,10- East Chattanooga,3.184783,6.369566,334,8.0,849,9.0
4261393098.0,10- East Chattanooga,3.184783,6.369566,906,9.0,906,9.0
4261398635.0,10- East Chattanooga,3.184783,9.554349,731,9.0,466,8.0
4261405445.0,10- East Chattanooga,3.184783,3.184783,322,9.0,303,9.0
4261410525.0,10- East Chattanooga,3.184783,3.184783,224,9.0,303,9.0
4261417866.0,10- East Chattanooga,3.184783,6.369566,838,9.0,749,7.0
4261438110.0,10- East Chattanooga,3.184783,6.369566,880,9.0,763,7.0
4261448395.0,10- East Chattanooga,3.184783,3.184783,487,7.0,849,9.0
4261459811.0,16- Northgate,1.833333,1.833333,396,4.0,293,9.0
4261467137.0,16- Northgate,1.833333,3.666666,275,9.0,340,4.0
4261536350.0,4- Hamilton Place,2.734848,2.734848,717,8.0,431,8.0
4261548963.0,4- Hamilton Place,2.734848,2.734848,27,7.0,487,7.0
4261555611.0,4- Hamilton Place,2.734848,5.469696,849,9.0,717,8.0
4261565960.0,4- Hamilton Place,2.734848,5.469696,454,8.0,286,9.0
4261572599.0,4- Hamilton Place,2.734848,2.734848,432,8.0,244,9.0
4261582768.0,9- East Lake,2.504202,2.504202,316,9.0,227,9.0
4261590807.0,9- East Lake,2.504202,5.008404,429,8.0,410,9.0
4261600503.0,9- East Lake,2.504202,2.504202,432,8.0,222,9.0
4261612069.0,9- East Lake,2.504202,5.008404,309,4.0,309,4.0
4261617045.0,9- East Lake,2.504202,5.008404,321,9.0,263,9.0
4261621571.0,9- East Lake,2.504202,2.504202,410,9.0,305,9.0
4261625044.0,9- East Lake,2.504202,5.008404,428,8.0,428,8.0
4261635040.0,9- East Lake,2.504202,2.504202,415,9.0,232,9.0
4261639148.0,4- Hamilton Place,2.734848,2.734848,276,9.0,711,7.0
4261644866.0,4- Hamilton Place,2.734848,2.734848,426,8.0,487,7.0
4261659429.0,4- Hamilton Place,2.734848,8.204544,302,9.0,711,7.0
4261677549.0,4- Hamilton Place,2.734848,5.469696,222,9.0,428,8.0
4261682653.0,4- Hamilton Place,2.734848,2.734848,420,8.0,717,8.0
4261696405.0,4- Hamilton Place,2.734848,2.734848,711,7.0,763,7.0
4261700611.0,4- Hamilton Place,2.734848,5.469696,711,7.0,334,8.0
4261704907.0,4- Hamilton Place,2.734848,2.734848,711,7.0,721,9.0
4261710378.0,4- Hamilton Place,2.734848,2.734848,223,9.0,721,9.0
4261715370.0,4- Hamilton Place,2.734848,2.734848,258,9.0,694,8.0
4261721259.0,4- Hamilton Place,2.734848,5.469696,288,9.0,487,7.0
4261727099.0,4- Hamilton Place,2.734848,8.204544,849,9.0,487,7.0
4261741002.0,4- Hamilton Place,2.734848,2.734848,258,9.0,694,8.0
4261745590.0,4- Hamilton Place,2.734848,2.734848,222,9.0,222,9.0
4261750473.0,4- Hamilton Place,2.734848,5.469696,487,7.0,396,4.0
4261754694.0,4- Hamilton Place,2.734848,5.469696,849,9.0,765,7.0
4261763194.0,4- Hamilton Place,2.734848,5.469696,454,8.0,265,9.0
4261836460.0,4- Hamilton Place,2.734848,5.469696,849,9.0,487,7.0
4261847328.0,4- Hamilton Place,2.734848,2.734848,238,9.0,731,9.0
4261851845.0,4- Hamilton Place,2.734848,2.734848,224,9.0,336,8.0
4261861765.0,4- Hamilton Place,2.734848,2.734848,717,8.0,472,7.0
4261891527.0,2- North Chattanooga,1.457627,1.457627,224,9.0,849,9.0
4261896399.0,5- North Brainerd,1.022727,1.022727,431,8.0,717,8.0
4261901798.0,5- North Brainerd,1.022727,1.022727,717,8.0,431,8.0
4261904645.0,5- North Brainerd,1.022727,2.045454,465,8.0,222,9.0
4261912230.0,5- North Brainerd,1.022727,1.022727,466,8.0,487,7.0
4261916231.0,5- North Brainerd,1.022727,3.068181,449,8.0,223,9.0
4261931543.0,5- North Brainerd,1.022727,2.045454,322,9.0,428,8.0
4261937033.0,4- Hamilton Place,2.734848,5.469696,428,8.0,487,7.0
4261941596.0,4- Hamilton Place,2.734848,5.469696,284,8.0,765,7.0
4261946994.0,4- Hamilton Place,2.734848,5.469696,416,9.0,717,8.0
4261991432.0,21- Golden Gateway,2.755814,2.755814,849,9.0,222,9.0
4261996857.0,21- Golden Gateway,2.755814,2.755814,849,9.0,222,9.0
4262001031.0,21- Golden Gateway,2.755814,5.511628,849,9.0,222,9.0
4262006630.0,3- Enterprise South,1.0,1.0,446,8.0,540,7.0
4262012487.0,3- Enterprise South,1.0,2.0,315,9.0,882,9.0
4262016946.0,13- Rossville,2.37037,2.37037,297,9.0,219,9.0
4262020885.0,13- Rossville,2.37037,4.74074,429,8.0,410,9.0
4262028813.0,13- Rossville,2.37037,2.37037,276,9.0,316,9.0
4262033258.0,13- Rossville,2.37037,2.37037,416,9.0,221,9.0
4262044052.0,13- Rossville,2.37037,4.74074,316,9.0,711,7.0
4262049229.0,13- Rossville,2.37037,4.74074,316,9.0,224,9.0
4262053307.0,13- Rossville,2.37037,2.37037,321,9.0,244,9.0
4262057440.0,13- Rossville,2.37037,2.37037,157,8.0,223,9.0
4262072466.0,13- Rossville,2.37037,2.37037,414,9.0,223,9.0
4262078054.0,13- Rossville,2.37037,2.37037,415,9.0,275,9.0
4262093115.0,13- Rossville,2.37037,4.74074,263,9.0,752,9.0
4262099275.0,13- Rossville,2.37037,4.74074,297,9.0,166,9.0
4262103032.0,13- Rossville,2.37037,4.74074,428,8.0,428,8.0
4262108526.0,13- Rossville,2.37037,2.37037,319,9.0,691,7.0
4262112704.0,13- Rossville,2.37037,7.11111,167,11.0,734,9.0
4262120613.0,13- Rossville,2.37037,4.74074,905,9.0,316,9.0
4262130196.0,13- Rossville,2.37037,2.37037,417,9.0,290,9.0
4262134021.0,13- Rossville,2.37037,4.74074,276,9.0,841,7.0
4262138381.0,10- East Chattanooga,3.184783,3.184783,731,9.0,245,9.0
4262145063.0,10- East Chattanooga,3.184783,3.184783,334,8.0,220,9.0
4262149038.0,10- East Chattanooga,3.184783,3.184783,344,8.0,501,5.0
4262165659.0,10- East Chattanooga,3.184783,6.369566,325,9.0,712,7.0
4262168949.0,10- East Chattanooga,3.184783,3.184783,849,9.0,731,9.0
4262393866.0,10- East Chattanooga,3.184783,6.369566,256,9.0,279,9.0
4262399007.0,10- East Chattanooga,3.184783,6.369566,325,9.0,222,9.0
4262403560.0,10- East Chattanooga,3.184783,3.184783,288,9.0,260,9.0
4262408516.0,10- East Chattanooga,3.184783,3.184783,246,9.0,223,9.0
4262411946.0,10- East Chattanooga,3.184783,6.369566,849,9.0,755,9.0
4262419238.0,10- East Chattanooga,3.184783,6.369566,735,8.0,332,8.0
4262422219.0,10- East Chattanooga,3.184783,3.184783,292,9.0,224,9.0
4262436148.0,10- East Chattanooga,3.184783,6.369566,726,9.0,472,7.0
4262438654.0,10- East Chattanooga,3.184783,6.369566,292,9.0,764,7.0
4262446811.0,1- Alton Park,2.488372,2.488372,837,9.0,267,9.0
4262449184.0,1- Alton Park,2.488372,2.488372,837,9.0,227,9.0
4262452324.0,1- Alton Park,2.488372,4.976744,717,8.0,227,9.0
4262455094.0,1- Alton Park,2.488372,2.488372,908,9.0,247,9.0
4262458083.0,1- Alton Park,2.488372,2.488372,752,9.0,752,9.0
4262460495.0,1- Alton Park,2.488372,2.488372,304,9.0,238,9.0
4262466497.0,4- Hamilton Place,2.734848,8.204544,222,9.0,428,8.0
4262473259.0,4- Hamilton Place,2.734848,8.204544,849,9.0,849,9.0
4262478318.0,4- Hamilton Place,2.734848,5.469696,849,9.0,717,8.0
4262481203.0,4- Hamilton Place,2.734848,5.469696,837,9.0,717,8.0
4262484336.0,4- Hamilton Place,2.734848,2.734848,726,9.0,707,8.0
4262490161.0,4- Hamilton Place,2.734848,2.734848,487,7.0,275,9.0
4262493406.0,4- Hamilton Place,2.734848,5.469696,167,11.0,275,9.0
4262497032.0,4- Hamilton Place,2.734848,5.469696,487,7.0,325,9.0
4262500167.0,4- Hamilton Place,2.734848,5.469696,882,9.0,882,9.0
4262503112.0,4- Hamilton Place,2.734848,5.469696,905,9.0,905,9.0
4262506117.0,4- Hamilton Place,2.734848,2.734848,266,9.0,858,8.0
4262511860.0,4- Hamilton Place,2.734848,5.469696,849,9.0,294,9.0
4262517393.0,4- Hamilton Place,2.734848,5.469696,472,7.0,294,9.0
4262520618.0,4- Hamilton Place,2.734848,2.734848,487,7.0,449,8.0
4262492910.0,4- Hamilton Place,2.734848,5.469696,309,4.0,309,4.0
4262505805.0,4- Hamilton Place,2.734848,5.469696,488,7.0,224,9.0
4262511094.0,4- Hamilton Place,2.734848,2.734848,849,9.0,679,5.0
4262523671.0,4- Hamilton Place,2.734848,2.734848,404,13.0,222,9.0
4263287476.0,21- Golden Gateway,2.755814,8.267441999999999,849,9.0,261,9.0
4263311965.0,10- East Chattanooga,3.184783,9.554349,375,7.0,717,8.0
4263317358.0,1- Alton Park,2.488372,4.976744,267,9.0,487,7.0
4263338445.0,28- Amnicola,2.309091,2.309091,262,9.0,246,9.0
4263343997.0,9- East Lake,2.504202,5.008404,240,13.0,418,8.0
4263350025.0,13- Rossville,2.37037,2.37037,837,9.0,418,8.0
4263358814.0,16- Northgate,1.833333,3.666666,392,4.0,752,9.0
4263365314.0,21- Golden Gateway,2.755814,2.755814,238,9.0,849,9.0
4263370474.0,21- Golden Gateway,2.755814,2.755814,849,9.0,238,9.0
4263387431.0,21- Golden Gateway,2.755814,5.511628,272,9.0,238,9.0
4263391584.0,8- Eastdale,1.421053,2.842106,434,8.0,694,8.0
4263395776.0,8- Eastdale,1.421053,2.842106,897,8.0,717,8.0
4263401555.0,8- Eastdale,1.421053,2.842106,335,8.0,752,9.0
4263410527.0,8- Eastdale,1.421053,4.263159,335,8.0,752,9.0
4263423561.0,8- Eastdale,1.421053,2.842106,335,8.0,487,7.0
4263429160.0,8- Eastdale,1.421053,4.263159,434,8.0,882,9.0
4263449991.0,8- Eastdale,1.421053,2.842106,337,8.0,487,7.0
4263460735.0,4- Hamilton Place,2.734848,2.734848,309,4.0,432,8.0
4263466573.0,4- Hamilton Place,2.734848,2.734848,314,9.0,487,7.0
4263471923.0,4- Hamilton Place,2.734848,5.469696,849,9.0,462,8.0
4263477131.0,4- Hamilton Place,2.734848,2.734848,474,8.0,487,7.0
4263482627.0,4- Hamilton Place,2.734848,8.204544,764,7.0,849,9.0
4263487403.0,4- Hamilton Place,2.734848,2.734848,763,7.0,231,9.0
4263491928.0,4- Hamilton Place,2.734848,5.469696,265,9.0,726,9.0
4263495834.0,4- Hamilton Place,2.734848,5.469696,694,8.0,405,9.0
4263506677.0,4- Hamilton Place,2.734848,5.469696,326,9.0,294,9.0
4263516638.0,8- Eastdale,1.421053,1.421053,449,8.0,449,8.0
4270344815.0,5- North Brainerd,1.022727,2.045454,488,7.0,451,8.0
4270354618.0,4- Hamilton Place,2.734848,2.734848,709,7.0,457,8.0
4270366494.0,4- Hamilton Place,2.734848,8.204544,449,8.0,442,7.0
4270432765.0,9- East Lake,2.504202,5.008404,495,5.0,752,9.0
4270462528.0,9- East Lake,2.504202,5.008404,752,9.0,316,9.0
4270467046.0,9- East Lake,2.504202,5.008404,167,11.0,275,9.0
4270478095.0,9- East Lake,2.504202,5.008404,415,9.0,240,13.0
4270484129.0,9- East Lake,2.504202,2.504202,315,9.0,293,9.0
4270488888.0,9- East Lake,2.504202,5.008404,266,9.0,752,9.0
4270494811.0,13- Rossville,2.37037,4.74074,734,9.0,157,8.0
4270503165.0,16- Northgate,1.833333,1.833333,392,4.0,246,9.0
4270509055.0,16- Northgate,1.833333,1.833333,393,4.0,246,9.0
4270514796.0,16- Northgate,1.833333,1.833333,385,4.0,279,9.0
4270521666.0,16- Northgate,1.833333,1.833333,849,9.0,289,9.0
4270525503.0,16- Northgate,1.833333,3.666666,315,9.0,711,7.0
4270531419.0,16- Northgate,1.833333,3.666666,315,9.0,711,7.0
4270537382.0,16- Northgate,1.833333,1.833333,500,4.0,267,9.0
4270587147.0,19- Cromwell Road,1.52381,3.04762,292,9.0,305,9.0
4270612226.0,4- Hamilton Place,2.734848,5.469696,431,8.0,428,8.0
4270632478.0,4- Hamilton Place,2.734848,8.204544,331,8.0,711,7.0
4270641016.0,4- Hamilton Place,2.734848,5.469696,462,8.0,462,8.0
4270652353.0,4- Hamilton Place,2.734848,2.734848,431,8.0,462,8.0
4270675422.0,4- Hamilton Place,2.734848,5.469696,336,8.0,711,7.0
4270705439.0,4- Hamilton Place,2.734848,2.734848,711,7.0,487,7.0
4270728109.0,6- East Brainerd,1.0,3.0,266,9.0,467,8.0
4270735000.0,6- East Brainerd,1.0,3.0,334,8.0,862,7.0
4270740534.0,4- Hamilton Place,2.734848,2.734848,272,9.0,405,9.0
4270746748.0,1- Alton Park,2.488372,2.488372,488,7.0,405,9.0
4271177240.0,1- Alton Park,2.488372,2.488372,222,9.0,405,9.0
4271192796.0,4- Hamilton Place,2.734848,2.734848,462,8.0,332,8.0
4271199378.0,5- North Brainerd,1.022727,1.022727,432,8.0,717,8.0
4271207299.0,5- North Brainerd,1.022727,1.022727,465,8.0,717,8.0
4271221920.0,5- North Brainerd,1.022727,2.045454,322,9.0,428,8.0
4271231249.0,5- North Brainerd,1.022727,3.068181,449,8.0,717,8.0
4271238792.0,5- North Brainerd,1.022727,3.068181,905,9.0,466,8.0
4271249469.0,4- Hamilton Place,2.734848,5.469696,462,8.0,487,7.0
4271258487.0,4- Hamilton Place,2.734848,8.204544,271,9.0,724,9.0
4271265288.0,4- Hamilton Place,2.734848,2.734848,336,8.0,279,9.0
4271270535.0,4- Hamilton Place,2.734848,2.734848,454,8.0,278,9.0
4286437795.0,2- North Chattanooga,1.457627,1.457627,244,9.0,309,4.0
4286363386.0,2- North Chattanooga,1.457627,1.457627,849,9.0,309,4.0
4286385063.0,13- Rossville,2.37037,7.11111,335,8.0,757,8.0
4286394893.0,21- Golden Gateway,2.755814,5.511628,849,9.0,717,8.0
4286429141.0,4- Hamilton Place,2.734848,5.469696,293,9.0,734,9.0
4286449130.0,9- East Lake,2.504202,7.512606,266,9.0,715,13.0
4286461974.0,4- Hamilton Place,2.734848,2.734848,428,8.0,715,13.0
4288234246.0,4- Hamilton Place,2.734848,2.734848,711,7.0,711,7.0
4288241378.0,4- Hamilton Place,2.734848,5.469696,294,9.0,294,9.0
4288246984.0,8- Eastdale,1.421053,2.842106,735,8.0,332,8.0
4288258453.0,4- Hamilton Place,2.734848,2.734848,332,8.0,258,9.0
4288264273.0,8- Eastdale,1.421053,2.842106,430,8.0,214,9.0
4288269475.0,16- Northgate,1.833333,1.833333,426,8.0,679,5.0
4288274616.0,16- Northgate,1.833333,3.666666,849,9.0,849,9.0
4288286365.0,16- Northgate,1.833333,1.833333,386,4.0,398,4.0
4290412843.0,9- East Lake,2.504202,5.008404,416,9.0,711,7.0
4290426050.0,9- East Lake,2.504202,7.512606,314,9.0,863,7.0
4290441864.0,9- East Lake,2.504202,7.512606,319,9.0,863,7.0
4292188130.0,19- Cromwell Road,1.52381,3.04762,834,9.0,225,9.0
4292201347.0,14- Mocs Express,2.678571,5.357142,189,9.0,694,8.0
4292217734.0,1- Alton Park,2.488372,2.488372,292,9.0,292,9.0
4292225836.0,8- Eastdale,1.421053,4.263159,336,8.0,292,9.0
4292233369.0,5- North Brainerd,1.022727,3.068181,451,8.0,223,9.0
4292257016.0,5- North Brainerd,1.022727,2.045454,449,8.0,711,7.0
4292265523.0,2- North Chattanooga,1.457627,4.372881,849,9.0,711,7.0
4292279949.0,2- North Chattanooga,1.457627,1.457627,849,9.0,223,9.0
4292287278.0,21- Golden Gateway,2.755814,5.511628,341,9.0,223,9.0
4292297061.0,21- Golden Gateway,2.755814,5.511628,849,9.0,274,9.0
4292305729.0,21- Golden Gateway,2.755814,2.755814,849,9.0,227,9.0
4292315994.0,1- Alton Park,2.488372,2.488372,415,9.0,272,9.0
4292326789.0,1- Alton Park,2.488372,2.488372,908,9.0,726,9.0
4292339301.0,1- Alton Park,2.488372,2.488372,907,9.0,266,9.0
4292348856.0,1- Alton Park,2.488372,2.488372,228,9.0,838,9.0
4292358847.0,1- Alton Park,2.488372,4.976744,272,9.0,882,9.0
4292366896.0,1- Alton Park,2.488372,2.488372,752,9.0,271,9.0
4292374713.0,1- Alton Park,2.488372,4.976744,837,9.0,271,9.0
4292385665.0,6- East Brainerd,1.0,3.0,474,8.0,271,9.0
4292435243.0,6- East Brainerd,1.0,3.0,752,9.0,863,7.0
4292443894.0,6- East Brainerd,1.0,1.0,487,7.0,540,7.0
4292456188.0,6- East Brainerd,1.0,2.0,752,9.0,396,4.0
4292495912.0,10- East Chattanooga,3.184783,3.184783,223,9.0,723,9.0
4292506270.0,10- East Chattanooga,3.184783,6.369566,326,9.0,545,7.0
4292517006.0,10- East Chattanooga,3.184783,6.369566,752,9.0,849,9.0
4292535684.0,10- East Chattanooga,3.184783,6.369566,405,9.0,410,9.0
4292545139.0,10- East Chattanooga,3.184783,6.369566,907,9.0,907,9.0
4292553816.0,10- East Chattanooga,3.184783,3.184783,897,8.0,344,8.0
4292581378.0,8- Eastdale,1.421053,1.421053,405,9.0,221,9.0
4292589819.0,4- Hamilton Place,2.734848,5.469696,267,9.0,717,8.0
4292600969.0,4- Hamilton Place,2.734848,5.469696,276,9.0,841,7.0
4292620107.0,4- Hamilton Place,2.734848,5.469696,717,8.0,717,8.0
4292629288.0,4- Hamilton Place,2.734848,5.469696,267,9.0,717,8.0
4292642022.0,4- Hamilton Place,2.734848,5.469696,849,9.0,332,8.0
4293598074.0,4- Hamilton Place,2.734848,5.469696,309,4.0,418,8.0
4293607222.0,4- Hamilton Place,2.734848,5.469696,309,4.0,418,8.0
4293666888.0,4- Hamilton Place,2.734848,8.204544,252,4.0,717,8.0
4293679433.0,4- Hamilton Place,2.734848,5.469696,279,9.0,717,8.0
4293697918.0,4- Hamilton Place,2.734848,5.469696,472,7.0,717,8.0
4293728156.0,4- Hamilton Place,2.734848,5.469696,318,9.0,279,9.0
4293737933.0,4- Hamilton Place,2.734848,2.734848,763,7.0,285,9.0
4293746572.0,4- Hamilton Place,2.734848,8.204544,335,8.0,711,7.0
4293754305.0,4- Hamilton Place,2.734848,8.204544,335,8.0,717,8.0
4293763943.0,4- Hamilton Place,2.734848,5.469696,304,9.0,849,9.0
4289229925.0,4- Hamilton Place,2.734848,5.469696,264,9.0,462,8.0
4289352368.0,4- Hamilton Place,2.734848,2.734848,865,7.0,6,12.0
4289443502.0,4- Hamilton Place,2.734848,5.469696,849,9.0,227,9.0
4289942766.0,4- Hamilton Place,2.734848,8.204544,317,9.0,317,9.0
4289953303.0,4- Hamilton Place,2.734848,8.204544,849,9.0,717,8.0
4289965065.0,4- Hamilton Place,2.734848,5.469696,240,13.0,717,8.0
4289975273.0,4- Hamilton Place,2.734848,2.734848,835,9.0,849,9.0
4290001550.0,4- Hamilton Place,2.734848,2.734848,694,8.0,481,8.0
4290024883.0,4- Hamilton Place,2.734848,2.734848,487,7.0,241,13.0
4290179281.0,4- Hamilton Place,2.734848,5.469696,465,8.0,723,9.0
4290192398.0,4- Hamilton Place,2.734848,5.469696,263,9.0,454,8.0
4290227303.0,4- Hamilton Place,2.734848,2.734848,395,4.0,279,9.0
4290235953.0,13- Rossville,2.37037,4.74074,319,9.0,849,9.0
4290291585.0,13- Rossville,2.37037,2.37037,276,9.0,297,9.0
4290351701.0,13- Rossville,2.37037,4.74074,420,8.0,297,9.0
4292305680.0,13- Rossville,2.37037,4.74074,429,8.0,410,9.0
4293111336.0,3- Enterprise South,1.0,2.0,324,9.0,748,7.0
4293117145.0,3- Enterprise South,1.0,1.0,404,13.0,748,7.0
4293136011.0,3- Enterprise South,1.0,1.0,500,4.0,500,4.0
4293146928.0,3- Enterprise South,1.0,1.0,302,9.0,748,7.0
4293160527.0,2- North Chattanooga,1.457627,2.915254,309,4.0,723,9.0
4293173628.0,2- North Chattanooga,1.457627,1.457627,309,4.0,238,9.0
4293188911.0,2- North Chattanooga,1.457627,1.457627,384,4.0,244,9.0
4293352250.0,2- North Chattanooga,1.457627,1.457627,309,4.0,309,4.0
4293595048.0,2- North Chattanooga,1.457627,1.457627,849,9.0,309,4.0
4293601052.0,4- Hamilton Place,2.734848,5.469696,460,8.0,487,7.0
4293606513.0,4- Hamilton Place,2.734848,2.734848,232,9.0,908,9.0
4293611337.0,4- Hamilton Place,2.734848,2.734848,322,9.0,487,7.0
4293663038.0,4- Hamilton Place,2.734848,2.734848,276,9.0,481,8.0
4293667262.0,6- East Brainerd,1.0,2.0,764,7.0,460,8.0
4293676663.0,6- East Brainerd,1.0,3.0,540,7.0,382,4.0
4293688980.0,6- East Brainerd,1.0,1.0,863,7.0,476,8.0
4293694797.0,6- East Brainerd,1.0,2.0,326,9.0,844,7.0
4293711534.0,8- Eastdale,1.421053,2.842106,454,8.0,434,8.0
4293720606.0,8- Eastdale,1.421053,4.263159,731,9.0,379,13.0
4293725962.0,8- Eastdale,1.421053,2.842106,765,7.0,897,8.0
4293730576.0,8- Eastdale,1.421053,1.421053,434,8.0,434,8.0
4293735937.0,8- Eastdale,1.421053,1.421053,434,8.0,428,8.0
4293740223.0,8- Eastdale,1.421053,2.842106,898,8.0,898,8.0
4293750135.0,8- Eastdale,1.421053,4.263159,384,4.0,717,8.0
4293754981.0,8- Eastdale,1.421053,2.842106,711,7.0,432,8.0
4293760163.0,8- Eastdale,1.421053,2.842106,431,8.0,432,8.0
4293764953.0,8- Eastdale,1.421053,1.421053,717,8.0,432,8.0
4293769856.0,16- Northgate,1.833333,3.666666,833,9.0,432,8.0
4293778215.0,4- Hamilton Place,2.734848,8.204544,240,13.0,844,7.0
4293794606.0,19- Cromwell Road,1.52381,1.52381,268,9.0,712,7.0
4293798972.0,19- Cromwell Road,1.52381,1.52381,865,7.0,267,9.0
4293802440.0,19- Cromwell Road,1.52381,1.52381,903,8.0,882,9.0
4293806199.0,3- Enterprise South,1.0,1.0,748,7.0,268,9.0
4293810336.0,3- Enterprise South,1.0,2.0,305,9.0,749,7.0
4293813644.0,3- Enterprise South,1.0,1.0,866,7.0,808,7.0
4293817256.0,21- Golden Gateway,2.755814,2.755814,227,9.0,309,4.0
4293821045.0,16- Northgate,1.833333,3.666666,849,9.0,223,9.0
4293825074.0,2- North Chattanooga,1.457627,2.915254,279,9.0,717,8.0
4293828810.0,21- Golden Gateway,2.755814,5.511628,849,9.0,752,9.0
4293832807.0,21- Golden Gateway,2.755814,5.511628,849,9.0,308,4.0
4293842444.0,21- Golden Gateway,2.755814,2.755814,238,9.0,849,9.0
4297708495.0,9- East Lake,2.504202,2.504202,724,9.0,415,9.0
4297711155.0,16- Northgate,1.833333,3.666666,723,9.0,679,5.0
4297713498.0,9- East Lake,2.504202,5.008404,334,8.0,410,9.0
4297722357.0,9- East Lake,2.504202,2.504202,314,9.0,679,5.0
4297723561.0,9- East Lake,2.504202,2.504202,224,9.0,412,9.0
4297728338.0,4- Hamilton Place,2.734848,2.734848,309,4.0,254,9.0
4297729564.0,4- Hamilton Place,2.734848,5.469696,763,7.0,849,9.0
4297732235.0,4- Hamilton Place,2.734848,2.734848,487,7.0,265,9.0
4297733946.0,4- Hamilton Place,2.734848,2.734848,228,9.0,717,8.0
4297734825.0,4- Hamilton Place,2.734848,2.734848,426,8.0,487,7.0
4297740177.0,4- Hamilton Place,2.734848,8.204544,328,8.0,764,7.0
4297741437.0,4- Hamilton Place,2.734848,5.469696,694,8.0,487,7.0
4297742764.0,4- Hamilton Place,2.734848,2.734848,694,8.0,487,7.0
4297744874.0,4- Hamilton Place,2.734848,2.734848,328,8.0,711,7.0
4373614054.0,4- Hamilton Place,2.734848,2.734848,865,7.0,229,9.0
4384066347.0,4- Hamilton Place,2.734848,5.469696,849,9.0,227,9.0
4401779443.0,21- Golden Gateway,2.755814,5.511628,849,9.0,430,8.0
4401804301.0,2- North Chattanooga,1.457627,2.915254,335,8.0,335,8.0
4401829568.0,4- Hamilton Place,2.734848,2.734848,721,9.0,227,9.0
4401845747.0,4- Hamilton Place,2.734848,5.469696,429,8.0,849,9.0
4401905125.0,14- Mocs Express,2.678571,2.678571,275,9.0,278,9.0
4401964371.0,21- Golden Gateway,2.755814,5.511628,849,9.0,837,9.0
4401992306.0,21- Golden Gateway,2.755814,2.755814,849,9.0,309,4.0
4402010510.0,21- Golden Gateway,2.755814,8.267441999999999,905,9.0,849,9.0
4402046595.0,1- Alton Park,2.488372,4.976744,905,9.0,734,9.0
4402471196.0,1- Alton Park,2.488372,7.465116,907,9.0,488,7.0
