sourcetypeID	roadtypeID	dayID	hourID	hourVMTFraction
11	1	2	1	0.02147
11	1	2	2	0.01444
11	1	2	3	0.01097
11	1	2	4	0.00749
11	1	2	5	0.00684
11	1	2	6	0.01036
11	1	2	7	0.01843
11	1	2	8	0.02681
11	1	2	9	0.03639
11	1	2	10	0.04754
11	1	2	11	0.05747
11	1	2	12	0.06508
11	1	2	13	0.07132
11	1	2	14	0.07149
11	1	2	15	0.07172
11	1	2	16	0.07201
11	1	2	17	0.07115
11	1	2	18	0.06789
11	1	2	19	0.06177
11	1	2	20	0.05169
11	1	2	21	0.04287
11	1	2	22	0.03803
11	1	2	23	0.03221
11	1	2	24	0.02457
11	1	5	1	0.00986
11	1	5	2	0.00627
11	1	5	3	0.00506
11	1	5	4	0.00467
11	1	5	5	0.00699
11	1	5	6	0.01849
11	1	5	7	0.04596
11	1	5	8	0.06964
11	1	5	9	0.06083
11	1	5	10	0.05029
11	1	5	11	0.04994
11	1	5	12	0.05437
11	1	5	13	0.05765
11	1	5	14	0.05803
11	1	5	15	0.06226
11	1	5	16	0.071
11	1	5	17	0.07697
11	1	5	18	0.07743
11	1	5	19	0.05978
11	1	5	20	0.04439
11	1	5	21	0.03545
11	1	5	22	0.03182
11	1	5	23	0.02494
11	1	5	24	0.01791
11	2	2	1	0.01642
11	2	2	2	0.01119
11	2	2	3	0.00854
11	2	2	4	0.00679
11	2	2	5	0.00722
11	2	2	6	0.01076
11	2	2	7	0.01768
11	2	2	8	0.02688
11	2	2	9	0.03866
11	2	2	10	0.05224
11	2	2	11	0.06317
11	2	2	12	0.06994
11	2	2	13	0.07293
11	2	2	14	0.07312
11	2	2	15	0.07362
11	2	2	16	0.07446
11	2	2	17	0.07422
11	2	2	18	0.07001
11	2	2	19	0.0614
11	2	2	20	0.0505
11	2	2	21	0.04121
11	2	2	22	0.03364
11	2	2	23	0.02622
11	2	2	24	0.01917
11	2	5	1	0.01077
11	2	5	2	0.00764
11	2	5	3	0.00655
11	2	5	4	0.00663
11	2	5	5	0.00954
11	2	5	6	0.02006
11	2	5	7	0.04103
11	2	5	8	0.05797
11	2	5	9	0.05347
11	2	5	10	0.05255
11	2	5	11	0.05506
11	2	5	12	0.05767
11	2	5	13	0.05914
11	2	5	14	0.0608
11	2	5	15	0.0653
11	2	5	16	0.07261
11	2	5	17	0.07738
11	2	5	18	0.07548
11	2	5	19	0.05871
11	2	5	20	0.04399
11	2	5	21	0.03573
11	2	5	22	0.03074
11	2	5	23	0.02385
11	2	5	24	0.01732
11	3	2	1	0.01642
11	3	2	2	0.01119
11	3	2	3	0.00854
11	3	2	4	0.00679
11	3	2	5	0.00722
11	3	2	6	0.01076
11	3	2	7	0.01768
11	3	2	8	0.02688
11	3	2	9	0.03866
11	3	2	10	0.05224
11	3	2	11	0.06317
11	3	2	12	0.06994
11	3	2	13	0.07293
11	3	2	14	0.07312
11	3	2	15	0.07362
11	3	2	16	0.07446
11	3	2	17	0.07422
11	3	2	18	0.07001
11	3	2	19	0.0614
11	3	2	20	0.0505
11	3	2	21	0.04121
11	3	2	22	0.03364
11	3	2	23	0.02622
11	3	2	24	0.01917
11	3	5	1	0.01077
11	3	5	2	0.00764
11	3	5	3	0.00655
11	3	5	4	0.00663
11	3	5	5	0.00954
11	3	5	6	0.02006
11	3	5	7	0.04103
11	3	5	8	0.05797
11	3	5	9	0.05347
11	3	5	10	0.05255
11	3	5	11	0.05506
11	3	5	12	0.05767
11	3	5	13	0.05914
11	3	5	14	0.0608
11	3	5	15	0.0653
11	3	5	16	0.07261
11	3	5	17	0.07738
11	3	5	18	0.07548
11	3	5	19	0.05871
11	3	5	20	0.04399
11	3	5	21	0.03573
11	3	5	22	0.03074
11	3	5	23	0.02385
11	3	5	24	0.01732
11	4	2	1	0.02147
11	4	2	2	0.01444
11	4	2	3	0.01097
11	4	2	4	0.00749
11	4	2	5	0.00684
11	4	2	6	0.01036
11	4	2	7	0.01843
11	4	2	8	0.02681
11	4	2	9	0.03639
11	4	2	10	0.04754
11	4	2	11	0.05747
11	4	2	12	0.06508
11	4	2	13	0.07132
11	4	2	14	0.07149
11	4	2	15	0.07172
11	4	2	16	0.07201
11	4	2	17	0.07115
11	4	2	18	0.06789
11	4	2	19	0.06177
11	4	2	20	0.05169
11	4	2	21	0.04287
11	4	2	22	0.03803
11	4	2	23	0.03221
11	4	2	24	0.02457
11	4	5	1	0.00986
11	4	5	2	0.00627
11	4	5	3	0.00506
11	4	5	4	0.00467
11	4	5	5	0.00699
11	4	5	6	0.01849
11	4	5	7	0.04596
11	4	5	8	0.06964
11	4	5	9	0.06083
11	4	5	10	0.05029
11	4	5	11	0.04994
11	4	5	12	0.05437
11	4	5	13	0.05765
11	4	5	14	0.05803
11	4	5	15	0.06226
11	4	5	16	0.071
11	4	5	17	0.07697
11	4	5	18	0.07743
11	4	5	19	0.05978
11	4	5	20	0.04439
11	4	5	21	0.03545
11	4	5	22	0.03182
11	4	5	23	0.02494
11	4	5	24	0.01791
11	5	2	1	0.02147
11	5	2	2	0.01444
11	5	2	3	0.01097
11	5	2	4	0.00749
11	5	2	5	0.00684
11	5	2	6	0.01036
11	5	2	7	0.01843
11	5	2	8	0.02681
11	5	2	9	0.03639
11	5	2	10	0.04754
11	5	2	11	0.05747
11	5	2	12	0.06508
11	5	2	13	0.07132
11	5	2	14	0.07149
11	5	2	15	0.07172
11	5	2	16	0.07201
11	5	2	17	0.07115
11	5	2	18	0.06789
11	5	2	19	0.06177
11	5	2	20	0.05169
11	5	2	21	0.04287
11	5	2	22	0.03803
11	5	2	23	0.03221
11	5	2	24	0.02457
11	5	5	1	0.00986
11	5	5	2	0.00627
11	5	5	3	0.00506
11	5	5	4	0.00467
11	5	5	5	0.00699
11	5	5	6	0.01849
11	5	5	7	0.04596
11	5	5	8	0.06964
11	5	5	9	0.06083
11	5	5	10	0.05029
11	5	5	11	0.04994
11	5	5	12	0.05437
11	5	5	13	0.05765
11	5	5	14	0.05803
11	5	5	15	0.06226
11	5	5	16	0.071
11	5	5	17	0.07697
11	5	5	18	0.07743
11	5	5	19	0.05978
11	5	5	20	0.04439
11	5	5	21	0.03545
11	5	5	22	0.03182
11	5	5	23	0.02494
11	5	5	24	0.01791
21	1	2	1	0.02147
21	1	2	2	0.01444
21	1	2	3	0.01097
21	1	2	4	0.00749
21	1	2	5	0.00684
21	1	2	6	0.01036
21	1	2	7	0.01843
21	1	2	8	0.02681
21	1	2	9	0.03639
21	1	2	10	0.04754
21	1	2	11	0.05747
21	1	2	12	0.06508
21	1	2	13	0.07132
21	1	2	14	0.07149
21	1	2	15	0.07172
21	1	2	16	0.07201
21	1	2	17	0.07115
21	1	2	18	0.06789
21	1	2	19	0.06177
21	1	2	20	0.05169
21	1	2	21	0.04287
21	1	2	22	0.03803
21	1	2	23	0.03221
21	1	2	24	0.02457
21	1	5	1	0.00986
21	1	5	2	0.00627
21	1	5	3	0.00506
21	1	5	4	0.00467
21	1	5	5	0.00699
21	1	5	6	0.01849
21	1	5	7	0.04596
21	1	5	8	0.06964
21	1	5	9	0.06083
21	1	5	10	0.05029
21	1	5	11	0.04994
21	1	5	12	0.05437
21	1	5	13	0.05765
21	1	5	14	0.05803
21	1	5	15	0.06226
21	1	5	16	0.071
21	1	5	17	0.07697
21	1	5	18	0.07743
21	1	5	19	0.05978
21	1	5	20	0.04439
21	1	5	21	0.03545
21	1	5	22	0.03182
21	1	5	23	0.02494
21	1	5	24	0.01791
21	2	2	1	0.01642
21	2	2	2	0.01119
21	2	2	3	0.00854
21	2	2	4	0.00679
21	2	2	5	0.00722
21	2	2	6	0.01076
21	2	2	7	0.01768
21	2	2	8	0.02688
21	2	2	9	0.03866
21	2	2	10	0.05224
21	2	2	11	0.06317
21	2	2	12	0.06994
21	2	2	13	0.07293
21	2	2	14	0.07312
21	2	2	15	0.07362
21	2	2	16	0.07446
21	2	2	17	0.07422
21	2	2	18	0.07001
21	2	2	19	0.0614
21	2	2	20	0.0505
21	2	2	21	0.04121
21	2	2	22	0.03364
21	2	2	23	0.02622
21	2	2	24	0.01917
21	2	5	1	0.01077
21	2	5	2	0.00764
21	2	5	3	0.00655
21	2	5	4	0.00663
21	2	5	5	0.00954
21	2	5	6	0.02006
21	2	5	7	0.04103
21	2	5	8	0.05797
21	2	5	9	0.05347
21	2	5	10	0.05255
21	2	5	11	0.05506
21	2	5	12	0.05767
21	2	5	13	0.05914
21	2	5	14	0.0608
21	2	5	15	0.0653
21	2	5	16	0.07261
21	2	5	17	0.07738
21	2	5	18	0.07548
21	2	5	19	0.05871
21	2	5	20	0.04399
21	2	5	21	0.03573
21	2	5	22	0.03074
21	2	5	23	0.02385
21	2	5	24	0.01732
21	3	2	1	0.01642
21	3	2	2	0.01119
21	3	2	3	0.00854
21	3	2	4	0.00679
21	3	2	5	0.00722
21	3	2	6	0.01076
21	3	2	7	0.01768
21	3	2	8	0.02688
21	3	2	9	0.03866
21	3	2	10	0.05224
21	3	2	11	0.06317
21	3	2	12	0.06994
21	3	2	13	0.07293
21	3	2	14	0.07312
21	3	2	15	0.07362
21	3	2	16	0.07446
21	3	2	17	0.07422
21	3	2	18	0.07001
21	3	2	19	0.0614
21	3	2	20	0.0505
21	3	2	21	0.04121
21	3	2	22	0.03364
21	3	2	23	0.02622
21	3	2	24	0.01917
21	3	5	1	0.01077
21	3	5	2	0.00764
21	3	5	3	0.00655
21	3	5	4	0.00663
21	3	5	5	0.00954
21	3	5	6	0.02006
21	3	5	7	0.04103
21	3	5	8	0.05797
21	3	5	9	0.05347
21	3	5	10	0.05255
21	3	5	11	0.05506
21	3	5	12	0.05767
21	3	5	13	0.05914
21	3	5	14	0.0608
21	3	5	15	0.0653
21	3	5	16	0.07261
21	3	5	17	0.07738
21	3	5	18	0.07548
21	3	5	19	0.05871
21	3	5	20	0.04399
21	3	5	21	0.03573
21	3	5	22	0.03074
21	3	5	23	0.02385
21	3	5	24	0.01732
21	4	2	1	0.02147
21	4	2	2	0.01444
21	4	2	3	0.01097
21	4	2	4	0.00749
21	4	2	5	0.00684
21	4	2	6	0.01036
21	4	2	7	0.01843
21	4	2	8	0.02681
21	4	2	9	0.03639
21	4	2	10	0.04754
21	4	2	11	0.05747
21	4	2	12	0.06508
21	4	2	13	0.07132
21	4	2	14	0.07149
21	4	2	15	0.07172
21	4	2	16	0.07201
21	4	2	17	0.07115
21	4	2	18	0.06789
21	4	2	19	0.06177
21	4	2	20	0.05169
21	4	2	21	0.04287
21	4	2	22	0.03803
21	4	2	23	0.03221
21	4	2	24	0.02457
21	4	5	1	0.00986
21	4	5	2	0.00627
21	4	5	3	0.00506
21	4	5	4	0.00467
21	4	5	5	0.00699
21	4	5	6	0.01849
21	4	5	7	0.04596
21	4	5	8	0.06964
21	4	5	9	0.06083
21	4	5	10	0.05029
21	4	5	11	0.04994
21	4	5	12	0.05437
21	4	5	13	0.05765
21	4	5	14	0.05803
21	4	5	15	0.06226
21	4	5	16	0.071
21	4	5	17	0.07697
21	4	5	18	0.07743
21	4	5	19	0.05978
21	4	5	20	0.04439
21	4	5	21	0.03545
21	4	5	22	0.03182
21	4	5	23	0.02494
21	4	5	24	0.01791
21	5	2	1	0.02147
21	5	2	2	0.01444
21	5	2	3	0.01097
21	5	2	4	0.00749
21	5	2	5	0.00684
21	5	2	6	0.01036
21	5	2	7	0.01843
21	5	2	8	0.02681
21	5	2	9	0.03639
21	5	2	10	0.04754
21	5	2	11	0.05747
21	5	2	12	0.06508
21	5	2	13	0.07132
21	5	2	14	0.07149
21	5	2	15	0.07172
21	5	2	16	0.07201
21	5	2	17	0.07115
21	5	2	18	0.06789
21	5	2	19	0.06177
21	5	2	20	0.05169
21	5	2	21	0.04287
21	5	2	22	0.03803
21	5	2	23	0.03221
21	5	2	24	0.02457
21	5	5	1	0.00986
21	5	5	2	0.00627
21	5	5	3	0.00506
21	5	5	4	0.00467
21	5	5	5	0.00699
21	5	5	6	0.01849
21	5	5	7	0.04596
21	5	5	8	0.06964
21	5	5	9	0.06083
21	5	5	10	0.05029
21	5	5	11	0.04994
21	5	5	12	0.05437
21	5	5	13	0.05765
21	5	5	14	0.05803
21	5	5	15	0.06226
21	5	5	16	0.071
21	5	5	17	0.07697
21	5	5	18	0.07743
21	5	5	19	0.05978
21	5	5	20	0.04439
21	5	5	21	0.03545
21	5	5	22	0.03182
21	5	5	23	0.02494
21	5	5	24	0.01791
31	1	2	1	0.02147
31	1	2	2	0.01444
31	1	2	3	0.01097
31	1	2	4	0.00749
31	1	2	5	0.00684
31	1	2	6	0.01036
31	1	2	7	0.01843
31	1	2	8	0.02681
31	1	2	9	0.03639
31	1	2	10	0.04754
31	1	2	11	0.05747
31	1	2	12	0.06508
31	1	2	13	0.07132
31	1	2	14	0.07149
31	1	2	15	0.07172
31	1	2	16	0.07201
31	1	2	17	0.07115
31	1	2	18	0.06789
31	1	2	19	0.06177
31	1	2	20	0.05169
31	1	2	21	0.04287
31	1	2	22	0.03803
31	1	2	23	0.03221
31	1	2	24	0.02457
31	1	5	1	0.00986
31	1	5	2	0.00627
31	1	5	3	0.00506
31	1	5	4	0.00467
31	1	5	5	0.00699
31	1	5	6	0.01849
31	1	5	7	0.04596
31	1	5	8	0.06964
31	1	5	9	0.06083
31	1	5	10	0.05029
31	1	5	11	0.04994
31	1	5	12	0.05437
31	1	5	13	0.05765
31	1	5	14	0.05803
31	1	5	15	0.06226
31	1	5	16	0.071
31	1	5	17	0.07697
31	1	5	18	0.07743
31	1	5	19	0.05978
31	1	5	20	0.04439
31	1	5	21	0.03545
31	1	5	22	0.03182
31	1	5	23	0.02494
31	1	5	24	0.01791
31	2	2	1	0.01642
31	2	2	2	0.01119
31	2	2	3	0.00854
31	2	2	4	0.00679
31	2	2	5	0.00722
31	2	2	6	0.01076
31	2	2	7	0.01768
31	2	2	8	0.02688
31	2	2	9	0.03866
31	2	2	10	0.05224
31	2	2	11	0.06317
31	2	2	12	0.06994
31	2	2	13	0.07293
31	2	2	14	0.07312
31	2	2	15	0.07362
31	2	2	16	0.07446
31	2	2	17	0.07422
31	2	2	18	0.07001
31	2	2	19	0.0614
31	2	2	20	0.0505
31	2	2	21	0.04121
31	2	2	22	0.03364
31	2	2	23	0.02622
31	2	2	24	0.01917
31	2	5	1	0.01077
31	2	5	2	0.00764
31	2	5	3	0.00655
31	2	5	4	0.00663
31	2	5	5	0.00954
31	2	5	6	0.02006
31	2	5	7	0.04103
31	2	5	8	0.05797
31	2	5	9	0.05347
31	2	5	10	0.05255
31	2	5	11	0.05506
31	2	5	12	0.05767
31	2	5	13	0.05914
31	2	5	14	0.0608
31	2	5	15	0.0653
31	2	5	16	0.07261
31	2	5	17	0.07738
31	2	5	18	0.07548
31	2	5	19	0.05871
31	2	5	20	0.04399
31	2	5	21	0.03573
31	2	5	22	0.03074
31	2	5	23	0.02385
31	2	5	24	0.01732
31	3	2	1	0.01642
31	3	2	2	0.01119
31	3	2	3	0.00854
31	3	2	4	0.00679
31	3	2	5	0.00722
31	3	2	6	0.01076
31	3	2	7	0.01768
31	3	2	8	0.02688
31	3	2	9	0.03866
31	3	2	10	0.05224
31	3	2	11	0.06317
31	3	2	12	0.06994
31	3	2	13	0.07293
31	3	2	14	0.07312
31	3	2	15	0.07362
31	3	2	16	0.07446
31	3	2	17	0.07422
31	3	2	18	0.07001
31	3	2	19	0.0614
31	3	2	20	0.0505
31	3	2	21	0.04121
31	3	2	22	0.03364
31	3	2	23	0.02622
31	3	2	24	0.01917
31	3	5	1	0.01077
31	3	5	2	0.00764
31	3	5	3	0.00655
31	3	5	4	0.00663
31	3	5	5	0.00954
31	3	5	6	0.02006
31	3	5	7	0.04103
31	3	5	8	0.05797
31	3	5	9	0.05347
31	3	5	10	0.05255
31	3	5	11	0.05506
31	3	5	12	0.05767
31	3	5	13	0.05914
31	3	5	14	0.0608
31	3	5	15	0.0653
31	3	5	16	0.07261
31	3	5	17	0.07738
31	3	5	18	0.07548
31	3	5	19	0.05871
31	3	5	20	0.04399
31	3	5	21	0.03573
31	3	5	22	0.03074
31	3	5	23	0.02385
31	3	5	24	0.01732
31	4	2	1	0.02147
31	4	2	2	0.01444
31	4	2	3	0.01097
31	4	2	4	0.00749
31	4	2	5	0.00684
31	4	2	6	0.01036
31	4	2	7	0.01843
31	4	2	8	0.02681
31	4	2	9	0.03639
31	4	2	10	0.04754
31	4	2	11	0.05747
31	4	2	12	0.06508
31	4	2	13	0.07132
31	4	2	14	0.07149
31	4	2	15	0.07172
31	4	2	16	0.07201
31	4	2	17	0.07115
31	4	2	18	0.06789
31	4	2	19	0.06177
31	4	2	20	0.05169
31	4	2	21	0.04287
31	4	2	22	0.03803
31	4	2	23	0.03221
31	4	2	24	0.02457
31	4	5	1	0.00986
31	4	5	2	0.00627
31	4	5	3	0.00506
31	4	5	4	0.00467
31	4	5	5	0.00699
31	4	5	6	0.01849
31	4	5	7	0.04596
31	4	5	8	0.06964
31	4	5	9	0.06083
31	4	5	10	0.05029
31	4	5	11	0.04994
31	4	5	12	0.05437
31	4	5	13	0.05765
31	4	5	14	0.05803
31	4	5	15	0.06226
31	4	5	16	0.071
31	4	5	17	0.07697
31	4	5	18	0.07743
31	4	5	19	0.05978
31	4	5	20	0.04439
31	4	5	21	0.03545
31	4	5	22	0.03182
31	4	5	23	0.02494
31	4	5	24	0.01791
31	5	2	1	0.02147
31	5	2	2	0.01444
31	5	2	3	0.01097
31	5	2	4	0.00749
31	5	2	5	0.00684
31	5	2	6	0.01036
31	5	2	7	0.01843
31	5	2	8	0.02681
31	5	2	9	0.03639
31	5	2	10	0.04754
31	5	2	11	0.05747
31	5	2	12	0.06508
31	5	2	13	0.07132
31	5	2	14	0.07149
31	5	2	15	0.07172
31	5	2	16	0.07201
31	5	2	17	0.07115
31	5	2	18	0.06789
31	5	2	19	0.06177
31	5	2	20	0.05169
31	5	2	21	0.04287
31	5	2	22	0.03803
31	5	2	23	0.03221
31	5	2	24	0.02457
31	5	5	1	0.00986
31	5	5	2	0.00627
31	5	5	3	0.00506
31	5	5	4	0.00467
31	5	5	5	0.00699
31	5	5	6	0.01849
31	5	5	7	0.04596
31	5	5	8	0.06964
31	5	5	9	0.06083
31	5	5	10	0.05029
31	5	5	11	0.04994
31	5	5	12	0.05437
31	5	5	13	0.05765
31	5	5	14	0.05803
31	5	5	15	0.06226
31	5	5	16	0.071
31	5	5	17	0.07697
31	5	5	18	0.07743
31	5	5	19	0.05978
31	5	5	20	0.04439
31	5	5	21	0.03545
31	5	5	22	0.03182
31	5	5	23	0.02494
31	5	5	24	0.01791
32	1	2	1	0.02147
32	1	2	2	0.01444
32	1	2	3	0.01097
32	1	2	4	0.00749
32	1	2	5	0.00684
32	1	2	6	0.01036
32	1	2	7	0.01843
32	1	2	8	0.02681
32	1	2	9	0.03639
32	1	2	10	0.04754
32	1	2	11	0.05747
32	1	2	12	0.06508
32	1	2	13	0.07132
32	1	2	14	0.07149
32	1	2	15	0.07172
32	1	2	16	0.07201
32	1	2	17	0.07115
32	1	2	18	0.06789
32	1	2	19	0.06177
32	1	2	20	0.05169
32	1	2	21	0.04287
32	1	2	22	0.03803
32	1	2	23	0.03221
32	1	2	24	0.02457
32	1	5	1	0.00986
32	1	5	2	0.00627
32	1	5	3	0.00506
32	1	5	4	0.00467
32	1	5	5	0.00699
32	1	5	6	0.01849
32	1	5	7	0.04596
32	1	5	8	0.06964
32	1	5	9	0.06083
32	1	5	10	0.05029
32	1	5	11	0.04994
32	1	5	12	0.05437
32	1	5	13	0.05765
32	1	5	14	0.05803
32	1	5	15	0.06226
32	1	5	16	0.071
32	1	5	17	0.07697
32	1	5	18	0.07743
32	1	5	19	0.05978
32	1	5	20	0.04439
32	1	5	21	0.03545
32	1	5	22	0.03182
32	1	5	23	0.02494
32	1	5	24	0.01791
32	2	2	1	0.01642
32	2	2	2	0.01119
32	2	2	3	0.00854
32	2	2	4	0.00679
32	2	2	5	0.00722
32	2	2	6	0.01076
32	2	2	7	0.01768
32	2	2	8	0.02688
32	2	2	9	0.03866
32	2	2	10	0.05224
32	2	2	11	0.06317
32	2	2	12	0.06994
32	2	2	13	0.07293
32	2	2	14	0.07312
32	2	2	15	0.07362
32	2	2	16	0.07446
32	2	2	17	0.07422
32	2	2	18	0.07001
32	2	2	19	0.0614
32	2	2	20	0.0505
32	2	2	21	0.04121
32	2	2	22	0.03364
32	2	2	23	0.02622
32	2	2	24	0.01917
32	2	5	1	0.01077
32	2	5	2	0.00764
32	2	5	3	0.00655
32	2	5	4	0.00663
32	2	5	5	0.00954
32	2	5	6	0.02006
32	2	5	7	0.04103
32	2	5	8	0.05797
32	2	5	9	0.05347
32	2	5	10	0.05255
32	2	5	11	0.05506
32	2	5	12	0.05767
32	2	5	13	0.05914
32	2	5	14	0.0608
32	2	5	15	0.0653
32	2	5	16	0.07261
32	2	5	17	0.07738
32	2	5	18	0.07548
32	2	5	19	0.05871
32	2	5	20	0.04399
32	2	5	21	0.03573
32	2	5	22	0.03074
32	2	5	23	0.02385
32	2	5	24	0.01732
32	3	2	1	0.01642
32	3	2	2	0.01119
32	3	2	3	0.00854
32	3	2	4	0.00679
32	3	2	5	0.00722
32	3	2	6	0.01076
32	3	2	7	0.01768
32	3	2	8	0.02688
32	3	2	9	0.03866
32	3	2	10	0.05224
32	3	2	11	0.06317
32	3	2	12	0.06994
32	3	2	13	0.07293
32	3	2	14	0.07312
32	3	2	15	0.07362
32	3	2	16	0.07446
32	3	2	17	0.07422
32	3	2	18	0.07001
32	3	2	19	0.0614
32	3	2	20	0.0505
32	3	2	21	0.04121
32	3	2	22	0.03364
32	3	2	23	0.02622
32	3	2	24	0.01917
32	3	5	1	0.01077
32	3	5	2	0.00764
32	3	5	3	0.00655
32	3	5	4	0.00663
32	3	5	5	0.00954
32	3	5	6	0.02006
32	3	5	7	0.04103
32	3	5	8	0.05797
32	3	5	9	0.05347
32	3	5	10	0.05255
32	3	5	11	0.05506
32	3	5	12	0.05767
32	3	5	13	0.05914
32	3	5	14	0.0608
32	3	5	15	0.0653
32	3	5	16	0.07261
32	3	5	17	0.07738
32	3	5	18	0.07548
32	3	5	19	0.05871
32	3	5	20	0.04399
32	3	5	21	0.03573
32	3	5	22	0.03074
32	3	5	23	0.02385
32	3	5	24	0.01732
32	4	2	1	0.02147
32	4	2	2	0.01444
32	4	2	3	0.01097
32	4	2	4	0.00749
32	4	2	5	0.00684
32	4	2	6	0.01036
32	4	2	7	0.01843
32	4	2	8	0.02681
32	4	2	9	0.03639
32	4	2	10	0.04754
32	4	2	11	0.05747
32	4	2	12	0.06508
32	4	2	13	0.07132
32	4	2	14	0.07149
32	4	2	15	0.07172
32	4	2	16	0.07201
32	4	2	17	0.07115
32	4	2	18	0.06789
32	4	2	19	0.06177
32	4	2	20	0.05169
32	4	2	21	0.04287
32	4	2	22	0.03803
32	4	2	23	0.03221
32	4	2	24	0.02457
32	4	5	1	0.00986
32	4	5	2	0.00627
32	4	5	3	0.00506
32	4	5	4	0.00467
32	4	5	5	0.00699
32	4	5	6	0.01849
32	4	5	7	0.04596
32	4	5	8	0.06964
32	4	5	9	0.06083
32	4	5	10	0.05029
32	4	5	11	0.04994
32	4	5	12	0.05437
32	4	5	13	0.05765
32	4	5	14	0.05803
32	4	5	15	0.06226
32	4	5	16	0.071
32	4	5	17	0.07697
32	4	5	18	0.07743
32	4	5	19	0.05978
32	4	5	20	0.04439
32	4	5	21	0.03545
32	4	5	22	0.03182
32	4	5	23	0.02494
32	4	5	24	0.01791
32	5	2	1	0.02147
32	5	2	2	0.01444
32	5	2	3	0.01097
32	5	2	4	0.00749
32	5	2	5	0.00684
32	5	2	6	0.01036
32	5	2	7	0.01843
32	5	2	8	0.02681
32	5	2	9	0.03639
32	5	2	10	0.04754
32	5	2	11	0.05747
32	5	2	12	0.06508
32	5	2	13	0.07132
32	5	2	14	0.07149
32	5	2	15	0.07172
32	5	2	16	0.07201
32	5	2	17	0.07115
32	5	2	18	0.06789
32	5	2	19	0.06177
32	5	2	20	0.05169
32	5	2	21	0.04287
32	5	2	22	0.03803
32	5	2	23	0.03221
32	5	2	24	0.02457
32	5	5	1	0.00986
32	5	5	2	0.00627
32	5	5	3	0.00506
32	5	5	4	0.00467
32	5	5	5	0.00699
32	5	5	6	0.01849
32	5	5	7	0.04596
32	5	5	8	0.06964
32	5	5	9	0.06083
32	5	5	10	0.05029
32	5	5	11	0.04994
32	5	5	12	0.05437
32	5	5	13	0.05765
32	5	5	14	0.05803
32	5	5	15	0.06226
32	5	5	16	0.071
32	5	5	17	0.07697
32	5	5	18	0.07743
32	5	5	19	0.05978
32	5	5	20	0.04439
32	5	5	21	0.03545
32	5	5	22	0.03182
32	5	5	23	0.02494
32	5	5	24	0.01791
41	1	2	1	0.02147
41	1	2	2	0.01444
41	1	2	3	0.01097
41	1	2	4	0.00749
41	1	2	5	0.00684
41	1	2	6	0.01036
41	1	2	7	0.01843
41	1	2	8	0.02681
41	1	2	9	0.03639
41	1	2	10	0.04754
41	1	2	11	0.05747
41	1	2	12	0.06508
41	1	2	13	0.07132
41	1	2	14	0.07149
41	1	2	15	0.07172
41	1	2	16	0.07201
41	1	2	17	0.07115
41	1	2	18	0.06789
41	1	2	19	0.06177
41	1	2	20	0.05169
41	1	2	21	0.04287
41	1	2	22	0.03803
41	1	2	23	0.03221
41	1	2	24	0.02457
41	1	5	1	0.00375
41	1	5	2	0.00375
41	1	5	3	0.00375
41	1	5	4	0.01248
41	1	5	5	0.02247
41	1	5	6	0.04368
41	1	5	7	0.09613
41	1	5	8	0.08489
41	1	5	9	0.05993
41	1	5	10	0.04494
41	1	5	11	0.04869
41	1	5	12	0.06991
41	1	5	13	0.06492
41	1	5	14	0.06991
41	1	5	15	0.08240
41	1	5	16	0.08739
41	1	5	17	0.07491
41	1	5	18	0.04744
41	1	5	19	0.03496
41	1	5	20	0.01748
41	1	5	21	0.00749
41	1	5	22	0.00874
41	1	5	23	0.00375
41	1	5	24	0.00624
41	2	2	1	0.01642
41	2	2	2	0.01119
41	2	2	3	0.00854
41	2	2	4	0.00679
41	2	2	5	0.00722
41	2	2	6	0.01076
41	2	2	7	0.01768
41	2	2	8	0.02688
41	2	2	9	0.03866
41	2	2	10	0.05224
41	2	2	11	0.06317
41	2	2	12	0.06994
41	2	2	13	0.07293
41	2	2	14	0.07312
41	2	2	15	0.07362
41	2	2	16	0.07446
41	2	2	17	0.07422
41	2	2	18	0.07001
41	2	2	19	0.0614
41	2	2	20	0.0505
41	2	2	21	0.04121
41	2	2	22	0.03364
41	2	2	23	0.02622
41	2	2	24	0.01917
41	2	5	1	0.00375
41	2	5	2	0.00375
41	2	5	3	0.00375
41	2	5	4	0.01248
41	2	5	5	0.02247
41	2	5	6	0.04368
41	2	5	7	0.09613
41	2	5	8	0.08489
41	2	5	9	0.05993
41	2	5	10	0.04494
41	2	5	11	0.04869
41	2	5	12	0.06991
41	2	5	13	0.06492
41	2	5	14	0.06991
41	2	5	15	0.08240
41	2	5	16	0.08739
41	2	5	17	0.07491
41	2	5	18	0.04744
41	2	5	19	0.03496
41	2	5	20	0.01748
41	2	5	21	0.00749
41	2	5	22	0.00874
41	2	5	23	0.00375
41	2	5	24	0.00624
41	3	2	1	0.01642
41	3	2	2	0.01119
41	3	2	3	0.00854
41	3	2	4	0.00679
41	3	2	5	0.00722
41	3	2	6	0.01076
41	3	2	7	0.01768
41	3	2	8	0.02688
41	3	2	9	0.03866
41	3	2	10	0.05224
41	3	2	11	0.06317
41	3	2	12	0.06994
41	3	2	13	0.07293
41	3	2	14	0.07312
41	3	2	15	0.07362
41	3	2	16	0.07446
41	3	2	17	0.07422
41	3	2	18	0.07001
41	3	2	19	0.0614
41	3	2	20	0.0505
41	3	2	21	0.04121
41	3	2	22	0.03364
41	3	2	23	0.02622
41	3	2	24	0.01917
41	3	5	1	0.00375
41	3	5	2	0.00375
41	3	5	3	0.00375
41	3	5	4	0.01248
41	3	5	5	0.02247
41	3	5	6	0.04368
41	3	5	7	0.09613
41	3	5	8	0.08489
41	3	5	9	0.05993
41	3	5	10	0.04494
41	3	5	11	0.04869
41	3	5	12	0.06991
41	3	5	13	0.06492
41	3	5	14	0.06991
41	3	5	15	0.08240
41	3	5	16	0.08739
41	3	5	17	0.07491
41	3	5	18	0.04744
41	3	5	19	0.03496
41	3	5	20	0.01748
41	3	5	21	0.00749
41	3	5	22	0.00874
41	3	5	23	0.00375
41	3	5	24	0.00624
41	4	2	1	0.02147
41	4	2	2	0.01444
41	4	2	3	0.01097
41	4	2	4	0.00749
41	4	2	5	0.00684
41	4	2	6	0.01036
41	4	2	7	0.01843
41	4	2	8	0.02681
41	4	2	9	0.03639
41	4	2	10	0.04754
41	4	2	11	0.05747
41	4	2	12	0.06508
41	4	2	13	0.07132
41	4	2	14	0.07149
41	4	2	15	0.07172
41	4	2	16	0.07201
41	4	2	17	0.07115
41	4	2	18	0.06789
41	4	2	19	0.06177
41	4	2	20	0.05169
41	4	2	21	0.04287
41	4	2	22	0.03803
41	4	2	23	0.03221
41	4	2	24	0.02457
41	4	5	1	0.00375
41	4	5	2	0.00375
41	4	5	3	0.00375
41	4	5	4	0.01248
41	4	5	5	0.02247
41	4	5	6	0.04368
41	4	5	7	0.09613
41	4	5	8	0.08489
41	4	5	9	0.05993
41	4	5	10	0.04494
41	4	5	11	0.04869
41	4	5	12	0.06991
41	4	5	13	0.06492
41	4	5	14	0.06991
41	4	5	15	0.08240
41	4	5	16	0.08739
41	4	5	17	0.07491
41	4	5	18	0.04744
41	4	5	19	0.03496
41	4	5	20	0.01748
41	4	5	21	0.00749
41	4	5	22	0.00874
41	4	5	23	0.00375
41	4	5	24	0.00624
41	5	2	1	0.02147
41	5	2	2	0.01444
41	5	2	3	0.01097
41	5	2	4	0.00749
41	5	2	5	0.00684
41	5	2	6	0.01036
41	5	2	7	0.01843
41	5	2	8	0.02681
41	5	2	9	0.03639
41	5	2	10	0.04754
41	5	2	11	0.05747
41	5	2	12	0.06508
41	5	2	13	0.07132
41	5	2	14	0.07149
41	5	2	15	0.07172
41	5	2	16	0.07201
41	5	2	17	0.07115
41	5	2	18	0.06789
41	5	2	19	0.06177
41	5	2	20	0.05169
41	5	2	21	0.04287
41	5	2	22	0.03803
41	5	2	23	0.03221
41	5	2	24	0.02457
41	5	5	1	0.00375
41	5	5	2	0.00375
41	5	5	3	0.00375
41	5	5	4	0.01248
41	5	5	5	0.02247
41	5	5	6	0.04368
41	5	5	7	0.09613
41	5	5	8	0.08489
41	5	5	9	0.05993
41	5	5	10	0.04494
41	5	5	11	0.04869
41	5	5	12	0.06991
41	5	5	13	0.06492
41	5	5	14	0.06991
41	5	5	15	0.08240
41	5	5	16	0.08739
41	5	5	17	0.07491
41	5	5	18	0.04744
41	5	5	19	0.03496
41	5	5	20	0.01748
41	5	5	21	0.00749
41	5	5	22	0.00874
41	5	5	23	0.00375
41	5	5	24	0.00624
42	1	2	1	0.02147
42	1	2	2	0.01444
42	1	2	3	0.01097
42	1	2	4	0.00749
42	1	2	5	0.00684
42	1	2	6	0.01036
42	1	2	7	0.01843
42	1	2	8	0.02681
42	1	2	9	0.03639
42	1	2	10	0.04754
42	1	2	11	0.05747
42	1	2	12	0.06508
42	1	2	13	0.07132
42	1	2	14	0.07149
42	1	2	15	0.07172
42	1	2	16	0.07201
42	1	2	17	0.07115
42	1	2	18	0.06789
42	1	2	19	0.06177
42	1	2	20	0.05169
42	1	2	21	0.04287
42	1	2	22	0.03803
42	1	2	23	0.03221
42	1	2	24	0.02457
42	1	5	1	0.00375
42	1	5	2	0.00375
42	1	5	3	0.00375
42	1	5	4	0.01248
42	1	5	5	0.02247
42	1	5	6	0.04368
42	1	5	7	0.09613
42	1	5	8	0.08489
42	1	5	9	0.05993
42	1	5	10	0.04494
42	1	5	11	0.04869
42	1	5	12	0.06991
42	1	5	13	0.06492
42	1	5	14	0.06991
42	1	5	15	0.08240
42	1	5	16	0.08739
42	1	5	17	0.07491
42	1	5	18	0.04744
42	1	5	19	0.03496
42	1	5	20	0.01748
42	1	5	21	0.00749
42	1	5	22	0.00874
42	1	5	23	0.00375
42	1	5	24	0.00624
42	2	2	1	0.01642
42	2	2	2	0.01119
42	2	2	3	0.00854
42	2	2	4	0.00679
42	2	2	5	0.00722
42	2	2	6	0.01076
42	2	2	7	0.01768
42	2	2	8	0.02688
42	2	2	9	0.03866
42	2	2	10	0.05224
42	2	2	11	0.06317
42	2	2	12	0.06994
42	2	2	13	0.07293
42	2	2	14	0.07312
42	2	2	15	0.07362
42	2	2	16	0.07446
42	2	2	17	0.07422
42	2	2	18	0.07001
42	2	2	19	0.0614
42	2	2	20	0.0505
42	2	2	21	0.04121
42	2	2	22	0.03364
42	2	2	23	0.02622
42	2	2	24	0.01917
42	2	5	1	0.00375
42	2	5	2	0.00375
42	2	5	3	0.00375
42	2	5	4	0.01248
42	2	5	5	0.02247
42	2	5	6	0.04368
42	2	5	7	0.09613
42	2	5	8	0.08489
42	2	5	9	0.05993
42	2	5	10	0.04494
42	2	5	11	0.04869
42	2	5	12	0.06991
42	2	5	13	0.06492
42	2	5	14	0.06991
42	2	5	15	0.08240
42	2	5	16	0.08739
42	2	5	17	0.07491
42	2	5	18	0.04744
42	2	5	19	0.03496
42	2	5	20	0.01748
42	2	5	21	0.00749
42	2	5	22	0.00874
42	2	5	23	0.00375
42	2	5	24	0.00624
42	3	2	1	0.01642
42	3	2	2	0.01119
42	3	2	3	0.00854
42	3	2	4	0.00679
42	3	2	5	0.00722
42	3	2	6	0.01076
42	3	2	7	0.01768
42	3	2	8	0.02688
42	3	2	9	0.03866
42	3	2	10	0.05224
42	3	2	11	0.06317
42	3	2	12	0.06994
42	3	2	13	0.07293
42	3	2	14	0.07312
42	3	2	15	0.07362
42	3	2	16	0.07446
42	3	2	17	0.07422
42	3	2	18	0.07001
42	3	2	19	0.0614
42	3	2	20	0.0505
42	3	2	21	0.04121
42	3	2	22	0.03364
42	3	2	23	0.02622
42	3	2	24	0.01917
42	3	5	1	0.00375
42	3	5	2	0.00375
42	3	5	3	0.00375
42	3	5	4	0.01248
42	3	5	5	0.02247
42	3	5	6	0.04368
42	3	5	7	0.09613
42	3	5	8	0.08489
42	3	5	9	0.05993
42	3	5	10	0.04494
42	3	5	11	0.04869
42	3	5	12	0.06991
42	3	5	13	0.06492
42	3	5	14	0.06991
42	3	5	15	0.08240
42	3	5	16	0.08739
42	3	5	17	0.07491
42	3	5	18	0.04744
42	3	5	19	0.03496
42	3	5	20	0.01748
42	3	5	21	0.00749
42	3	5	22	0.00874
42	3	5	23	0.00375
42	3	5	24	0.00624
42	4	2	1	0.02147
42	4	2	2	0.01444
42	4	2	3	0.01097
42	4	2	4	0.00749
42	4	2	5	0.00684
42	4	2	6	0.01036
42	4	2	7	0.01843
42	4	2	8	0.02681
42	4	2	9	0.03639
42	4	2	10	0.04754
42	4	2	11	0.05747
42	4	2	12	0.06508
42	4	2	13	0.07132
42	4	2	14	0.07149
42	4	2	15	0.07172
42	4	2	16	0.07201
42	4	2	17	0.07115
42	4	2	18	0.06789
42	4	2	19	0.06177
42	4	2	20	0.05169
42	4	2	21	0.04287
42	4	2	22	0.03803
42	4	2	23	0.03221
42	4	2	24	0.02457
42	4	5	1	0.00375
42	4	5	2	0.00375
42	4	5	3	0.00375
42	4	5	4	0.01248
42	4	5	5	0.02247
42	4	5	6	0.04368
42	4	5	7	0.09613
42	4	5	8	0.08489
42	4	5	9	0.05993
42	4	5	10	0.04494
42	4	5	11	0.04869
42	4	5	12	0.06991
42	4	5	13	0.06492
42	4	5	14	0.06991
42	4	5	15	0.08240
42	4	5	16	0.08739
42	4	5	17	0.07491
42	4	5	18	0.04744
42	4	5	19	0.03496
42	4	5	20	0.01748
42	4	5	21	0.00749
42	4	5	22	0.00874
42	4	5	23	0.00375
42	4	5	24	0.00624
42	5	2	1	0.02147
42	5	2	2	0.01444
42	5	2	3	0.01097
42	5	2	4	0.00749
42	5	2	5	0.00684
42	5	2	6	0.01036
42	5	2	7	0.01843
42	5	2	8	0.02681
42	5	2	9	0.03639
42	5	2	10	0.04754
42	5	2	11	0.05747
42	5	2	12	0.06508
42	5	2	13	0.07132
42	5	2	14	0.07149
42	5	2	15	0.07172
42	5	2	16	0.07201
42	5	2	17	0.07115
42	5	2	18	0.06789
42	5	2	19	0.06177
42	5	2	20	0.05169
42	5	2	21	0.04287
42	5	2	22	0.03803
42	5	2	23	0.03221
42	5	2	24	0.02457
42	5	5	1	0.00375
42	5	5	2	0.00375
42	5	5	3	0.00375
42	5	5	4	0.01248
42	5	5	5	0.02247
42	5	5	6	0.04368
42	5	5	7	0.09613
42	5	5	8	0.08489
42	5	5	9	0.05993
42	5	5	10	0.04494
42	5	5	11	0.04869
42	5	5	12	0.06991
42	5	5	13	0.06492
42	5	5	14	0.06991
42	5	5	15	0.08240
42	5	5	16	0.08739
42	5	5	17	0.07491
42	5	5	18	0.04744
42	5	5	19	0.03496
42	5	5	20	0.01748
42	5	5	21	0.00749
42	5	5	22	0.00874
42	5	5	23	0.00375
42	5	5	24	0.00624
43	1	2	1	0.02147
43	1	2	2	0.01444
43	1	2	3	0.01097
43	1	2	4	0.00749
43	1	2	5	0.00684
43	1	2	6	0.01036
43	1	2	7	0.01843
43	1	2	8	0.02681
43	1	2	9	0.03639
43	1	2	10	0.04754
43	1	2	11	0.05747
43	1	2	12	0.06508
43	1	2	13	0.07132
43	1	2	14	0.07149
43	1	2	15	0.07172
43	1	2	16	0.07201
43	1	2	17	0.07115
43	1	2	18	0.06789
43	1	2	19	0.06177
43	1	2	20	0.05169
43	1	2	21	0.04287
43	1	2	22	0.03803
43	1	2	23	0.03221
43	1	2	24	0.02457
43	1	5	1	0.00375
43	1	5	2	0.00375
43	1	5	3	0.00375
43	1	5	4	0.01248
43	1	5	5	0.02247
43	1	5	6	0.04368
43	1	5	7	0.09613
43	1	5	8	0.08489
43	1	5	9	0.05993
43	1	5	10	0.04494
43	1	5	11	0.04869
43	1	5	12	0.06991
43	1	5	13	0.06492
43	1	5	14	0.06991
43	1	5	15	0.08240
43	1	5	16	0.08739
43	1	5	17	0.07491
43	1	5	18	0.04744
43	1	5	19	0.03496
43	1	5	20	0.01748
43	1	5	21	0.00749
43	1	5	22	0.00874
43	1	5	23	0.00375
43	1	5	24	0.00624
43	2	2	1	0.01642
43	2	2	2	0.01119
43	2	2	3	0.00854
43	2	2	4	0.00679
43	2	2	5	0.00722
43	2	2	6	0.01076
43	2	2	7	0.01768
43	2	2	8	0.02688
43	2	2	9	0.03866
43	2	2	10	0.05224
43	2	2	11	0.06317
43	2	2	12	0.06994
43	2	2	13	0.07293
43	2	2	14	0.07312
43	2	2	15	0.07362
43	2	2	16	0.07446
43	2	2	17	0.07422
43	2	2	18	0.07001
43	2	2	19	0.0614
43	2	2	20	0.0505
43	2	2	21	0.04121
43	2	2	22	0.03364
43	2	2	23	0.02622
43	2	2	24	0.01917
43	2	5	1	0.00375
43	2	5	2	0.00375
43	2	5	3	0.00375
43	2	5	4	0.01248
43	2	5	5	0.02247
43	2	5	6	0.04368
43	2	5	7	0.09613
43	2	5	8	0.08489
43	2	5	9	0.05993
43	2	5	10	0.04494
43	2	5	11	0.04869
43	2	5	12	0.06991
43	2	5	13	0.06492
43	2	5	14	0.06991
43	2	5	15	0.08240
43	2	5	16	0.08739
43	2	5	17	0.07491
43	2	5	18	0.04744
43	2	5	19	0.03496
43	2	5	20	0.01748
43	2	5	21	0.00749
43	2	5	22	0.00874
43	2	5	23	0.00375
43	2	5	24	0.00624
43	3	2	1	0.01642
43	3	2	2	0.01119
43	3	2	3	0.00854
43	3	2	4	0.00679
43	3	2	5	0.00722
43	3	2	6	0.01076
43	3	2	7	0.01768
43	3	2	8	0.02688
43	3	2	9	0.03866
43	3	2	10	0.05224
43	3	2	11	0.06317
43	3	2	12	0.06994
43	3	2	13	0.07293
43	3	2	14	0.07312
43	3	2	15	0.07362
43	3	2	16	0.07446
43	3	2	17	0.07422
43	3	2	18	0.07001
43	3	2	19	0.0614
43	3	2	20	0.0505
43	3	2	21	0.04121
43	3	2	22	0.03364
43	3	2	23	0.02622
43	3	2	24	0.01917
43	3	5	1	0.00375
43	3	5	2	0.00375
43	3	5	3	0.00375
43	3	5	4	0.01248
43	3	5	5	0.02247
43	3	5	6	0.04368
43	3	5	7	0.09613
43	3	5	8	0.08489
43	3	5	9	0.05993
43	3	5	10	0.04494
43	3	5	11	0.04869
43	3	5	12	0.06991
43	3	5	13	0.06492
43	3	5	14	0.06991
43	3	5	15	0.08240
43	3	5	16	0.08739
43	3	5	17	0.07491
43	3	5	18	0.04744
43	3	5	19	0.03496
43	3	5	20	0.01748
43	3	5	21	0.00749
43	3	5	22	0.00874
43	3	5	23	0.00375
43	3	5	24	0.00624
43	4	2	1	0.02147
43	4	2	2	0.01444
43	4	2	3	0.01097
43	4	2	4	0.00749
43	4	2	5	0.00684
43	4	2	6	0.01036
43	4	2	7	0.01843
43	4	2	8	0.02681
43	4	2	9	0.03639
43	4	2	10	0.04754
43	4	2	11	0.05747
43	4	2	12	0.06508
43	4	2	13	0.07132
43	4	2	14	0.07149
43	4	2	15	0.07172
43	4	2	16	0.07201
43	4	2	17	0.07115
43	4	2	18	0.06789
43	4	2	19	0.06177
43	4	2	20	0.05169
43	4	2	21	0.04287
43	4	2	22	0.03803
43	4	2	23	0.03221
43	4	2	24	0.02457
43	4	5	1	0.00375
43	4	5	2	0.00375
43	4	5	3	0.00375
43	4	5	4	0.01248
43	4	5	5	0.02247
43	4	5	6	0.04368
43	4	5	7	0.09613
43	4	5	8	0.08489
43	4	5	9	0.05993
43	4	5	10	0.04494
43	4	5	11	0.04869
43	4	5	12	0.06991
43	4	5	13	0.06492
43	4	5	14	0.06991
43	4	5	15	0.08240
43	4	5	16	0.08739
43	4	5	17	0.07491
43	4	5	18	0.04744
43	4	5	19	0.03496
43	4	5	20	0.01748
43	4	5	21	0.00749
43	4	5	22	0.00874
43	4	5	23	0.00375
43	4	5	24	0.00624
43	5	2	1	0.02147
43	5	2	2	0.01444
43	5	2	3	0.01097
43	5	2	4	0.00749
43	5	2	5	0.00684
43	5	2	6	0.01036
43	5	2	7	0.01843
43	5	2	8	0.02681
43	5	2	9	0.03639
43	5	2	10	0.04754
43	5	2	11	0.05747
43	5	2	12	0.06508
43	5	2	13	0.07132
43	5	2	14	0.07149
43	5	2	15	0.07172
43	5	2	16	0.07201
43	5	2	17	0.07115
43	5	2	18	0.06789
43	5	2	19	0.06177
43	5	2	20	0.05169
43	5	2	21	0.04287
43	5	2	22	0.03803
43	5	2	23	0.03221
43	5	2	24	0.02457
43	5	5	1	0.00375
43	5	5	2	0.00375
43	5	5	3	0.00375
43	5	5	4	0.01248
43	5	5	5	0.02247
43	5	5	6	0.04368
43	5	5	7	0.09613
43	5	5	8	0.08489
43	5	5	9	0.05993
43	5	5	10	0.04494
43	5	5	11	0.04869
43	5	5	12	0.06991
43	5	5	13	0.06492
43	5	5	14	0.06991
43	5	5	15	0.08240
43	5	5	16	0.08739
43	5	5	17	0.07491
43	5	5	18	0.04744
43	5	5	19	0.03496
43	5	5	20	0.01748
43	5	5	21	0.00749
43	5	5	22	0.00874
43	5	5	23	0.00375
43	5	5	24	0.00624
51	1	2	1	0.02147
51	1	2	2	0.01444
51	1	2	3	0.01097
51	1	2	4	0.00749
51	1	2	5	0.00684
51	1	2	6	0.01036
51	1	2	7	0.01843
51	1	2	8	0.02681
51	1	2	9	0.03639
51	1	2	10	0.04754
51	1	2	11	0.05747
51	1	2	12	0.06508
51	1	2	13	0.07132
51	1	2	14	0.07149
51	1	2	15	0.07172
51	1	2	16	0.07201
51	1	2	17	0.07115
51	1	2	18	0.06789
51	1	2	19	0.06177
51	1	2	20	0.05169
51	1	2	21	0.04287
51	1	2	22	0.03803
51	1	2	23	0.03221
51	1	2	24	0.02457
51	1	5	1	0.00375
51	1	5	2	0.00375
51	1	5	3	0.00375
51	1	5	4	0.01248
51	1	5	5	0.02247
51	1	5	6	0.04368
51	1	5	7	0.09613
51	1	5	8	0.08489
51	1	5	9	0.05993
51	1	5	10	0.04494
51	1	5	11	0.04869
51	1	5	12	0.06991
51	1	5	13	0.06492
51	1	5	14	0.06991
51	1	5	15	0.08240
51	1	5	16	0.08739
51	1	5	17	0.07491
51	1	5	18	0.04744
51	1	5	19	0.03496
51	1	5	20	0.01748
51	1	5	21	0.00749
51	1	5	22	0.00874
51	1	5	23	0.00375
51	1	5	24	0.00624
51	2	2	1	0.01642
51	2	2	2	0.01119
51	2	2	3	0.00854
51	2	2	4	0.00679
51	2	2	5	0.00722
51	2	2	6	0.01076
51	2	2	7	0.01768
51	2	2	8	0.02688
51	2	2	9	0.03866
51	2	2	10	0.05224
51	2	2	11	0.06317
51	2	2	12	0.06994
51	2	2	13	0.07293
51	2	2	14	0.07312
51	2	2	15	0.07362
51	2	2	16	0.07446
51	2	2	17	0.07422
51	2	2	18	0.07001
51	2	2	19	0.0614
51	2	2	20	0.0505
51	2	2	21	0.04121
51	2	2	22	0.03364
51	2	2	23	0.02622
51	2	2	24	0.01917
51	2	5	1	0.00375
51	2	5	2	0.00375
51	2	5	3	0.00375
51	2	5	4	0.01248
51	2	5	5	0.02247
51	2	5	6	0.04368
51	2	5	7	0.09613
51	2	5	8	0.08489
51	2	5	9	0.05993
51	2	5	10	0.04494
51	2	5	11	0.04869
51	2	5	12	0.06991
51	2	5	13	0.06492
51	2	5	14	0.06991
51	2	5	15	0.08240
51	2	5	16	0.08739
51	2	5	17	0.07491
51	2	5	18	0.04744
51	2	5	19	0.03496
51	2	5	20	0.01748
51	2	5	21	0.00749
51	2	5	22	0.00874
51	2	5	23	0.00375
51	2	5	24	0.00624
51	3	2	1	0.01642
51	3	2	2	0.01119
51	3	2	3	0.00854
51	3	2	4	0.00679
51	3	2	5	0.00722
51	3	2	6	0.01076
51	3	2	7	0.01768
51	3	2	8	0.02688
51	3	2	9	0.03866
51	3	2	10	0.05224
51	3	2	11	0.06317
51	3	2	12	0.06994
51	3	2	13	0.07293
51	3	2	14	0.07312
51	3	2	15	0.07362
51	3	2	16	0.07446
51	3	2	17	0.07422
51	3	2	18	0.07001
51	3	2	19	0.0614
51	3	2	20	0.0505
51	3	2	21	0.04121
51	3	2	22	0.03364
51	3	2	23	0.02622
51	3	2	24	0.01917
51	3	5	1	0.00375
51	3	5	2	0.00375
51	3	5	3	0.00375
51	3	5	4	0.01248
51	3	5	5	0.02247
51	3	5	6	0.04368
51	3	5	7	0.09613
51	3	5	8	0.08489
51	3	5	9	0.05993
51	3	5	10	0.04494
51	3	5	11	0.04869
51	3	5	12	0.06991
51	3	5	13	0.06492
51	3	5	14	0.06991
51	3	5	15	0.08240
51	3	5	16	0.08739
51	3	5	17	0.07491
51	3	5	18	0.04744
51	3	5	19	0.03496
51	3	5	20	0.01748
51	3	5	21	0.00749
51	3	5	22	0.00874
51	3	5	23	0.00375
51	3	5	24	0.00624
51	4	2	1	0.02147
51	4	2	2	0.01444
51	4	2	3	0.01097
51	4	2	4	0.00749
51	4	2	5	0.00684
51	4	2	6	0.01036
51	4	2	7	0.01843
51	4	2	8	0.02681
51	4	2	9	0.03639
51	4	2	10	0.04754
51	4	2	11	0.05747
51	4	2	12	0.06508
51	4	2	13	0.07132
51	4	2	14	0.07149
51	4	2	15	0.07172
51	4	2	16	0.07201
51	4	2	17	0.07115
51	4	2	18	0.06789
51	4	2	19	0.06177
51	4	2	20	0.05169
51	4	2	21	0.04287
51	4	2	22	0.03803
51	4	2	23	0.03221
51	4	2	24	0.02457
51	4	5	1	0.00375
51	4	5	2	0.00375
51	4	5	3	0.00375
51	4	5	4	0.01248
51	4	5	5	0.02247
51	4	5	6	0.04368
51	4	5	7	0.09613
51	4	5	8	0.08489
51	4	5	9	0.05993
51	4	5	10	0.04494
51	4	5	11	0.04869
51	4	5	12	0.06991
51	4	5	13	0.06492
51	4	5	14	0.06991
51	4	5	15	0.08240
51	4	5	16	0.08739
51	4	5	17	0.07491
51	4	5	18	0.04744
51	4	5	19	0.03496
51	4	5	20	0.01748
51	4	5	21	0.00749
51	4	5	22	0.00874
51	4	5	23	0.00375
51	4	5	24	0.00624
51	5	2	1	0.02147
51	5	2	2	0.01444
51	5	2	3	0.01097
51	5	2	4	0.00749
51	5	2	5	0.00684
51	5	2	6	0.01036
51	5	2	7	0.01843
51	5	2	8	0.02681
51	5	2	9	0.03639
51	5	2	10	0.04754
51	5	2	11	0.05747
51	5	2	12	0.06508
51	5	2	13	0.07132
51	5	2	14	0.07149
51	5	2	15	0.07172
51	5	2	16	0.07201
51	5	2	17	0.07115
51	5	2	18	0.06789
51	5	2	19	0.06177
51	5	2	20	0.05169
51	5	2	21	0.04287
51	5	2	22	0.03803
51	5	2	23	0.03221
51	5	2	24	0.02457
51	5	5	1	0.00375
51	5	5	2	0.00375
51	5	5	3	0.00375
51	5	5	4	0.01248
51	5	5	5	0.02247
51	5	5	6	0.04368
51	5	5	7	0.09613
51	5	5	8	0.08489
51	5	5	9	0.05993
51	5	5	10	0.04494
51	5	5	11	0.04869
51	5	5	12	0.06991
51	5	5	13	0.06492
51	5	5	14	0.06991
51	5	5	15	0.08240
51	5	5	16	0.08739
51	5	5	17	0.07491
51	5	5	18	0.04744
51	5	5	19	0.03496
51	5	5	20	0.01748
51	5	5	21	0.00749
51	5	5	22	0.00874
51	5	5	23	0.00375
51	5	5	24	0.00624
52	1	2	1	0.02147
52	1	2	2	0.01444
52	1	2	3	0.01097
52	1	2	4	0.00749
52	1	2	5	0.00684
52	1	2	6	0.01036
52	1	2	7	0.01843
52	1	2	8	0.02681
52	1	2	9	0.03639
52	1	2	10	0.04754
52	1	2	11	0.05747
52	1	2	12	0.06508
52	1	2	13	0.07132
52	1	2	14	0.07149
52	1	2	15	0.07172
52	1	2	16	0.07201
52	1	2	17	0.07115
52	1	2	18	0.06789
52	1	2	19	0.06177
52	1	2	20	0.05169
52	1	2	21	0.04287
52	1	2	22	0.03803
52	1	2	23	0.03221
52	1	2	24	0.02457
52	1	5	1	0.00375
52	1	5	2	0.00375
52	1	5	3	0.00375
52	1	5	4	0.01248
52	1	5	5	0.02247
52	1	5	6	0.04368
52	1	5	7	0.09613
52	1	5	8	0.08489
52	1	5	9	0.05993
52	1	5	10	0.04494
52	1	5	11	0.04869
52	1	5	12	0.06991
52	1	5	13	0.06492
52	1	5	14	0.06991
52	1	5	15	0.08240
52	1	5	16	0.08739
52	1	5	17	0.07491
52	1	5	18	0.04744
52	1	5	19	0.03496
52	1	5	20	0.01748
52	1	5	21	0.00749
52	1	5	22	0.00874
52	1	5	23	0.00375
52	1	5	24	0.00624
52	2	2	1	0.01642
52	2	2	2	0.01119
52	2	2	3	0.00854
52	2	2	4	0.00679
52	2	2	5	0.00722
52	2	2	6	0.01076
52	2	2	7	0.01768
52	2	2	8	0.02688
52	2	2	9	0.03866
52	2	2	10	0.05224
52	2	2	11	0.06317
52	2	2	12	0.06994
52	2	2	13	0.07293
52	2	2	14	0.07312
52	2	2	15	0.07362
52	2	2	16	0.07446
52	2	2	17	0.07422
52	2	2	18	0.07001
52	2	2	19	0.0614
52	2	2	20	0.0505
52	2	2	21	0.04121
52	2	2	22	0.03364
52	2	2	23	0.02622
52	2	2	24	0.01917
52	2	5	1	0.00375
52	2	5	2	0.00375
52	2	5	3	0.00375
52	2	5	4	0.01248
52	2	5	5	0.02247
52	2	5	6	0.04368
52	2	5	7	0.09613
52	2	5	8	0.08489
52	2	5	9	0.05993
52	2	5	10	0.04494
52	2	5	11	0.04869
52	2	5	12	0.06991
52	2	5	13	0.06492
52	2	5	14	0.06991
52	2	5	15	0.08240
52	2	5	16	0.08739
52	2	5	17	0.07491
52	2	5	18	0.04744
52	2	5	19	0.03496
52	2	5	20	0.01748
52	2	5	21	0.00749
52	2	5	22	0.00874
52	2	5	23	0.00375
52	2	5	24	0.00624
52	3	2	1	0.01642
52	3	2	2	0.01119
52	3	2	3	0.00854
52	3	2	4	0.00679
52	3	2	5	0.00722
52	3	2	6	0.01076
52	3	2	7	0.01768
52	3	2	8	0.02688
52	3	2	9	0.03866
52	3	2	10	0.05224
52	3	2	11	0.06317
52	3	2	12	0.06994
52	3	2	13	0.07293
52	3	2	14	0.07312
52	3	2	15	0.07362
52	3	2	16	0.07446
52	3	2	17	0.07422
52	3	2	18	0.07001
52	3	2	19	0.0614
52	3	2	20	0.0505
52	3	2	21	0.04121
52	3	2	22	0.03364
52	3	2	23	0.02622
52	3	2	24	0.01917
52	3	5	1	0.00375
52	3	5	2	0.00375
52	3	5	3	0.00375
52	3	5	4	0.01248
52	3	5	5	0.02247
52	3	5	6	0.04368
52	3	5	7	0.09613
52	3	5	8	0.08489
52	3	5	9	0.05993
52	3	5	10	0.04494
52	3	5	11	0.04869
52	3	5	12	0.06991
52	3	5	13	0.06492
52	3	5	14	0.06991
52	3	5	15	0.08240
52	3	5	16	0.08739
52	3	5	17	0.07491
52	3	5	18	0.04744
52	3	5	19	0.03496
52	3	5	20	0.01748
52	3	5	21	0.00749
52	3	5	22	0.00874
52	3	5	23	0.00375
52	3	5	24	0.00624
52	4	2	1	0.02147
52	4	2	2	0.01444
52	4	2	3	0.01097
52	4	2	4	0.00749
52	4	2	5	0.00684
52	4	2	6	0.01036
52	4	2	7	0.01843
52	4	2	8	0.02681
52	4	2	9	0.03639
52	4	2	10	0.04754
52	4	2	11	0.05747
52	4	2	12	0.06508
52	4	2	13	0.07132
52	4	2	14	0.07149
52	4	2	15	0.07172
52	4	2	16	0.07201
52	4	2	17	0.07115
52	4	2	18	0.06789
52	4	2	19	0.06177
52	4	2	20	0.05169
52	4	2	21	0.04287
52	4	2	22	0.03803
52	4	2	23	0.03221
52	4	2	24	0.02457
52	4	5	1	0.00375
52	4	5	2	0.00375
52	4	5	3	0.00375
52	4	5	4	0.01248
52	4	5	5	0.02247
52	4	5	6	0.04368
52	4	5	7	0.09613
52	4	5	8	0.08489
52	4	5	9	0.05993
52	4	5	10	0.04494
52	4	5	11	0.04869
52	4	5	12	0.06991
52	4	5	13	0.06492
52	4	5	14	0.06991
52	4	5	15	0.08240
52	4	5	16	0.08739
52	4	5	17	0.07491
52	4	5	18	0.04744
52	4	5	19	0.03496
52	4	5	20	0.01748
52	4	5	21	0.00749
52	4	5	22	0.00874
52	4	5	23	0.00375
52	4	5	24	0.00624
52	5	2	1	0.02147
52	5	2	2	0.01444
52	5	2	3	0.01097
52	5	2	4	0.00749
52	5	2	5	0.00684
52	5	2	6	0.01036
52	5	2	7	0.01843
52	5	2	8	0.02681
52	5	2	9	0.03639
52	5	2	10	0.04754
52	5	2	11	0.05747
52	5	2	12	0.06508
52	5	2	13	0.07132
52	5	2	14	0.07149
52	5	2	15	0.07172
52	5	2	16	0.07201
52	5	2	17	0.07115
52	5	2	18	0.06789
52	5	2	19	0.06177
52	5	2	20	0.05169
52	5	2	21	0.04287
52	5	2	22	0.03803
52	5	2	23	0.03221
52	5	2	24	0.02457
52	5	5	1	0.00375
52	5	5	2	0.00375
52	5	5	3	0.00375
52	5	5	4	0.01248
52	5	5	5	0.02247
52	5	5	6	0.04368
52	5	5	7	0.09613
52	5	5	8	0.08489
52	5	5	9	0.05993
52	5	5	10	0.04494
52	5	5	11	0.04869
52	5	5	12	0.06991
52	5	5	13	0.06492
52	5	5	14	0.06991
52	5	5	15	0.08240
52	5	5	16	0.08739
52	5	5	17	0.07491
52	5	5	18	0.04744
52	5	5	19	0.03496
52	5	5	20	0.01748
52	5	5	21	0.00749
52	5	5	22	0.00874
52	5	5	23	0.00375
52	5	5	24	0.00624
53	1	2	1	0.02147
53	1	2	2	0.01444
53	1	2	3	0.01097
53	1	2	4	0.00749
53	1	2	5	0.00684
53	1	2	6	0.01036
53	1	2	7	0.01843
53	1	2	8	0.02681
53	1	2	9	0.03639
53	1	2	10	0.04754
53	1	2	11	0.05747
53	1	2	12	0.06508
53	1	2	13	0.07132
53	1	2	14	0.07149
53	1	2	15	0.07172
53	1	2	16	0.07201
53	1	2	17	0.07115
53	1	2	18	0.06789
53	1	2	19	0.06177
53	1	2	20	0.05169
53	1	2	21	0.04287
53	1	2	22	0.03803
53	1	2	23	0.03221
53	1	2	24	0.02457
53	1	5	1	0.00375
53	1	5	2	0.00375
53	1	5	3	0.00375
53	1	5	4	0.01248
53	1	5	5	0.02247
53	1	5	6	0.04368
53	1	5	7	0.09613
53	1	5	8	0.08489
53	1	5	9	0.05993
53	1	5	10	0.04494
53	1	5	11	0.04869
53	1	5	12	0.06991
53	1	5	13	0.06492
53	1	5	14	0.06991
53	1	5	15	0.08240
53	1	5	16	0.08739
53	1	5	17	0.07491
53	1	5	18	0.04744
53	1	5	19	0.03496
53	1	5	20	0.01748
53	1	5	21	0.00749
53	1	5	22	0.00874
53	1	5	23	0.00375
53	1	5	24	0.00624
53	2	2	1	0.01642
53	2	2	2	0.01119
53	2	2	3	0.00854
53	2	2	4	0.00679
53	2	2	5	0.00722
53	2	2	6	0.01076
53	2	2	7	0.01768
53	2	2	8	0.02688
53	2	2	9	0.03866
53	2	2	10	0.05224
53	2	2	11	0.06317
53	2	2	12	0.06994
53	2	2	13	0.07293
53	2	2	14	0.07312
53	2	2	15	0.07362
53	2	2	16	0.07446
53	2	2	17	0.07422
53	2	2	18	0.07001
53	2	2	19	0.0614
53	2	2	20	0.0505
53	2	2	21	0.04121
53	2	2	22	0.03364
53	2	2	23	0.02622
53	2	2	24	0.01917
53	2	5	1	0.00375
53	2	5	2	0.00375
53	2	5	3	0.00375
53	2	5	4	0.01248
53	2	5	5	0.02247
53	2	5	6	0.04368
53	2	5	7	0.09613
53	2	5	8	0.08489
53	2	5	9	0.05993
53	2	5	10	0.04494
53	2	5	11	0.04869
53	2	5	12	0.06991
53	2	5	13	0.06492
53	2	5	14	0.06991
53	2	5	15	0.08240
53	2	5	16	0.08739
53	2	5	17	0.07491
53	2	5	18	0.04744
53	2	5	19	0.03496
53	2	5	20	0.01748
53	2	5	21	0.00749
53	2	5	22	0.00874
53	2	5	23	0.00375
53	2	5	24	0.00624
53	3	2	1	0.01642
53	3	2	2	0.01119
53	3	2	3	0.00854
53	3	2	4	0.00679
53	3	2	5	0.00722
53	3	2	6	0.01076
53	3	2	7	0.01768
53	3	2	8	0.02688
53	3	2	9	0.03866
53	3	2	10	0.05224
53	3	2	11	0.06317
53	3	2	12	0.06994
53	3	2	13	0.07293
53	3	2	14	0.07312
53	3	2	15	0.07362
53	3	2	16	0.07446
53	3	2	17	0.07422
53	3	2	18	0.07001
53	3	2	19	0.0614
53	3	2	20	0.0505
53	3	2	21	0.04121
53	3	2	22	0.03364
53	3	2	23	0.02622
53	3	2	24	0.01917
53	3	5	1	0.00375
53	3	5	2	0.00375
53	3	5	3	0.00375
53	3	5	4	0.01248
53	3	5	5	0.02247
53	3	5	6	0.04368
53	3	5	7	0.09613
53	3	5	8	0.08489
53	3	5	9	0.05993
53	3	5	10	0.04494
53	3	5	11	0.04869
53	3	5	12	0.06991
53	3	5	13	0.06492
53	3	5	14	0.06991
53	3	5	15	0.08240
53	3	5	16	0.08739
53	3	5	17	0.07491
53	3	5	18	0.04744
53	3	5	19	0.03496
53	3	5	20	0.01748
53	3	5	21	0.00749
53	3	5	22	0.00874
53	3	5	23	0.00375
53	3	5	24	0.00624
53	4	2	1	0.02147
53	4	2	2	0.01444
53	4	2	3	0.01097
53	4	2	4	0.00749
53	4	2	5	0.00684
53	4	2	6	0.01036
53	4	2	7	0.01843
53	4	2	8	0.02681
53	4	2	9	0.03639
53	4	2	10	0.04754
53	4	2	11	0.05747
53	4	2	12	0.06508
53	4	2	13	0.07132
53	4	2	14	0.07149
53	4	2	15	0.07172
53	4	2	16	0.07201
53	4	2	17	0.07115
53	4	2	18	0.06789
53	4	2	19	0.06177
53	4	2	20	0.05169
53	4	2	21	0.04287
53	4	2	22	0.03803
53	4	2	23	0.03221
53	4	2	24	0.02457
53	4	5	1	0.00375
53	4	5	2	0.00375
53	4	5	3	0.00375
53	4	5	4	0.01248
53	4	5	5	0.02247
53	4	5	6	0.04368
53	4	5	7	0.09613
53	4	5	8	0.08489
53	4	5	9	0.05993
53	4	5	10	0.04494
53	4	5	11	0.04869
53	4	5	12	0.06991
53	4	5	13	0.06492
53	4	5	14	0.06991
53	4	5	15	0.08240
53	4	5	16	0.08739
53	4	5	17	0.07491
53	4	5	18	0.04744
53	4	5	19	0.03496
53	4	5	20	0.01748
53	4	5	21	0.00749
53	4	5	22	0.00874
53	4	5	23	0.00375
53	4	5	24	0.00624
53	5	2	1	0.02147
53	5	2	2	0.01444
53	5	2	3	0.01097
53	5	2	4	0.00749
53	5	2	5	0.00684
53	5	2	6	0.01036
53	5	2	7	0.01843
53	5	2	8	0.02681
53	5	2	9	0.03639
53	5	2	10	0.04754
53	5	2	11	0.05747
53	5	2	12	0.06508
53	5	2	13	0.07132
53	5	2	14	0.07149
53	5	2	15	0.07172
53	5	2	16	0.07201
53	5	2	17	0.07115
53	5	2	18	0.06789
53	5	2	19	0.06177
53	5	2	20	0.05169
53	5	2	21	0.04287
53	5	2	22	0.03803
53	5	2	23	0.03221
53	5	2	24	0.02457
53	5	5	1	0.00375
53	5	5	2	0.00375
53	5	5	3	0.00375
53	5	5	4	0.01248
53	5	5	5	0.02247
53	5	5	6	0.04368
53	5	5	7	0.09613
53	5	5	8	0.08489
53	5	5	9	0.05993
53	5	5	10	0.04494
53	5	5	11	0.04869
53	5	5	12	0.06991
53	5	5	13	0.06492
53	5	5	14	0.06991
53	5	5	15	0.08240
53	5	5	16	0.08739
53	5	5	17	0.07491
53	5	5	18	0.04744
53	5	5	19	0.03496
53	5	5	20	0.01748
53	5	5	21	0.00749
53	5	5	22	0.00874
53	5	5	23	0.00375
53	5	5	24	0.00624
54	1	2	1	0.02147
54	1	2	2	0.01444
54	1	2	3	0.01097
54	1	2	4	0.00749
54	1	2	5	0.00684
54	1	2	6	0.01036
54	1	2	7	0.01843
54	1	2	8	0.02681
54	1	2	9	0.03639
54	1	2	10	0.04754
54	1	2	11	0.05747
54	1	2	12	0.06508
54	1	2	13	0.07132
54	1	2	14	0.07149
54	1	2	15	0.07172
54	1	2	16	0.07201
54	1	2	17	0.07115
54	1	2	18	0.06789
54	1	2	19	0.06177
54	1	2	20	0.05169
54	1	2	21	0.04287
54	1	2	22	0.03803
54	1	2	23	0.03221
54	1	2	24	0.02457
54	1	5	1	0.00375
54	1	5	2	0.00375
54	1	5	3	0.00375
54	1	5	4	0.01248
54	1	5	5	0.02247
54	1	5	6	0.04368
54	1	5	7	0.09613
54	1	5	8	0.08489
54	1	5	9	0.05993
54	1	5	10	0.04494
54	1	5	11	0.04869
54	1	5	12	0.06991
54	1	5	13	0.06492
54	1	5	14	0.06991
54	1	5	15	0.08240
54	1	5	16	0.08739
54	1	5	17	0.07491
54	1	5	18	0.04744
54	1	5	19	0.03496
54	1	5	20	0.01748
54	1	5	21	0.00749
54	1	5	22	0.00874
54	1	5	23	0.00375
54	1	5	24	0.00624
54	2	2	1	0.01642
54	2	2	2	0.01119
54	2	2	3	0.00854
54	2	2	4	0.00679
54	2	2	5	0.00722
54	2	2	6	0.01076
54	2	2	7	0.01768
54	2	2	8	0.02688
54	2	2	9	0.03866
54	2	2	10	0.05224
54	2	2	11	0.06317
54	2	2	12	0.06994
54	2	2	13	0.07293
54	2	2	14	0.07312
54	2	2	15	0.07362
54	2	2	16	0.07446
54	2	2	17	0.07422
54	2	2	18	0.07001
54	2	2	19	0.0614
54	2	2	20	0.0505
54	2	2	21	0.04121
54	2	2	22	0.03364
54	2	2	23	0.02622
54	2	2	24	0.01917
54	2	5	1	0.00375
54	2	5	2	0.00375
54	2	5	3	0.00375
54	2	5	4	0.01248
54	2	5	5	0.02247
54	2	5	6	0.04368
54	2	5	7	0.09613
54	2	5	8	0.08489
54	2	5	9	0.05993
54	2	5	10	0.04494
54	2	5	11	0.04869
54	2	5	12	0.06991
54	2	5	13	0.06492
54	2	5	14	0.06991
54	2	5	15	0.08240
54	2	5	16	0.08739
54	2	5	17	0.07491
54	2	5	18	0.04744
54	2	5	19	0.03496
54	2	5	20	0.01748
54	2	5	21	0.00749
54	2	5	22	0.00874
54	2	5	23	0.00375
54	2	5	24	0.00624
54	3	2	1	0.01642
54	3	2	2	0.01119
54	3	2	3	0.00854
54	3	2	4	0.00679
54	3	2	5	0.00722
54	3	2	6	0.01076
54	3	2	7	0.01768
54	3	2	8	0.02688
54	3	2	9	0.03866
54	3	2	10	0.05224
54	3	2	11	0.06317
54	3	2	12	0.06994
54	3	2	13	0.07293
54	3	2	14	0.07312
54	3	2	15	0.07362
54	3	2	16	0.07446
54	3	2	17	0.07422
54	3	2	18	0.07001
54	3	2	19	0.0614
54	3	2	20	0.0505
54	3	2	21	0.04121
54	3	2	22	0.03364
54	3	2	23	0.02622
54	3	2	24	0.01917
54	3	5	1	0.00375
54	3	5	2	0.00375
54	3	5	3	0.00375
54	3	5	4	0.01248
54	3	5	5	0.02247
54	3	5	6	0.04368
54	3	5	7	0.09613
54	3	5	8	0.08489
54	3	5	9	0.05993
54	3	5	10	0.04494
54	3	5	11	0.04869
54	3	5	12	0.06991
54	3	5	13	0.06492
54	3	5	14	0.06991
54	3	5	15	0.08240
54	3	5	16	0.08739
54	3	5	17	0.07491
54	3	5	18	0.04744
54	3	5	19	0.03496
54	3	5	20	0.01748
54	3	5	21	0.00749
54	3	5	22	0.00874
54	3	5	23	0.00375
54	3	5	24	0.00624
54	4	2	1	0.02147
54	4	2	2	0.01444
54	4	2	3	0.01097
54	4	2	4	0.00749
54	4	2	5	0.00684
54	4	2	6	0.01036
54	4	2	7	0.01843
54	4	2	8	0.02681
54	4	2	9	0.03639
54	4	2	10	0.04754
54	4	2	11	0.05747
54	4	2	12	0.06508
54	4	2	13	0.07132
54	4	2	14	0.07149
54	4	2	15	0.07172
54	4	2	16	0.07201
54	4	2	17	0.07115
54	4	2	18	0.06789
54	4	2	19	0.06177
54	4	2	20	0.05169
54	4	2	21	0.04287
54	4	2	22	0.03803
54	4	2	23	0.03221
54	4	2	24	0.02457
54	4	5	1	0.00375
54	4	5	2	0.00375
54	4	5	3	0.00375
54	4	5	4	0.01248
54	4	5	5	0.02247
54	4	5	6	0.04368
54	4	5	7	0.09613
54	4	5	8	0.08489
54	4	5	9	0.05993
54	4	5	10	0.04494
54	4	5	11	0.04869
54	4	5	12	0.06991
54	4	5	13	0.06492
54	4	5	14	0.06991
54	4	5	15	0.08240
54	4	5	16	0.08739
54	4	5	17	0.07491
54	4	5	18	0.04744
54	4	5	19	0.03496
54	4	5	20	0.01748
54	4	5	21	0.00749
54	4	5	22	0.00874
54	4	5	23	0.00375
54	4	5	24	0.00624
54	5	2	1	0.02147
54	5	2	2	0.01444
54	5	2	3	0.01097
54	5	2	4	0.00749
54	5	2	5	0.00684
54	5	2	6	0.01036
54	5	2	7	0.01843
54	5	2	8	0.02681
54	5	2	9	0.03639
54	5	2	10	0.04754
54	5	2	11	0.05747
54	5	2	12	0.06508
54	5	2	13	0.07132
54	5	2	14	0.07149
54	5	2	15	0.07172
54	5	2	16	0.07201
54	5	2	17	0.07115
54	5	2	18	0.06789
54	5	2	19	0.06177
54	5	2	20	0.05169
54	5	2	21	0.04287
54	5	2	22	0.03803
54	5	2	23	0.03221
54	5	2	24	0.02457
54	5	5	1	0.00375
54	5	5	2	0.00375
54	5	5	3	0.00375
54	5	5	4	0.01248
54	5	5	5	0.02247
54	5	5	6	0.04368
54	5	5	7	0.09613
54	5	5	8	0.08489
54	5	5	9	0.05993
54	5	5	10	0.04494
54	5	5	11	0.04869
54	5	5	12	0.06991
54	5	5	13	0.06492
54	5	5	14	0.06991
54	5	5	15	0.08240
54	5	5	16	0.08739
54	5	5	17	0.07491
54	5	5	18	0.04744
54	5	5	19	0.03496
54	5	5	20	0.01748
54	5	5	21	0.00749
54	5	5	22	0.00874
54	5	5	23	0.00375
54	5	5	24	0.00624
61	1	2	1	0.02147
61	1	2	2	0.01444
61	1	2	3	0.01097
61	1	2	4	0.00749
61	1	2	5	0.00684
61	1	2	6	0.01036
61	1	2	7	0.01843
61	1	2	8	0.02681
61	1	2	9	0.03639
61	1	2	10	0.04754
61	1	2	11	0.05747
61	1	2	12	0.06508
61	1	2	13	0.07132
61	1	2	14	0.07149
61	1	2	15	0.07172
61	1	2	16	0.07201
61	1	2	17	0.07115
61	1	2	18	0.06789
61	1	2	19	0.06177
61	1	2	20	0.05169
61	1	2	21	0.04287
61	1	2	22	0.03803
61	1	2	23	0.03221
61	1	2	24	0.02457
61	1	5	1	0.00786
61	1	5	2	0.0067
61	1	5	3	0.00757
61	1	5	4	0.01369
61	1	5	5	0.0332
61	1	5	6	0.05911
61	1	5	7	0.12143
61	1	5	8	0.05824
61	1	5	9	0.03844
61	1	5	10	0.03844
61	1	5	11	0.04252
61	1	5	12	0.05853
61	1	5	13	0.05941
61	1	5	14	0.07368
61	1	5	15	0.07455
61	1	5	16	0.0862
61	1	5	17	0.076
61	1	5	18	0.05358
61	1	5	19	0.03378
61	1	5	20	0.02213
61	1	5	21	0.01659
61	1	5	22	0.00903
61	1	5	23	0.00524
61	1	5	24	0.00408
61	2	2	1	0.01642
61	2	2	2	0.01119
61	2	2	3	0.00854
61	2	2	4	0.00679
61	2	2	5	0.00722
61	2	2	6	0.01076
61	2	2	7	0.01768
61	2	2	8	0.02688
61	2	2	9	0.03866
61	2	2	10	0.05224
61	2	2	11	0.06317
61	2	2	12	0.06994
61	2	2	13	0.07293
61	2	2	14	0.07312
61	2	2	15	0.07362
61	2	2	16	0.07446
61	2	2	17	0.07422
61	2	2	18	0.07001
61	2	2	19	0.0614
61	2	2	20	0.0505
61	2	2	21	0.04121
61	2	2	22	0.03364
61	2	2	23	0.02622
61	2	2	24	0.01917
61	2	5	1	0.00786
61	2	5	2	0.0067
61	2	5	3	0.00757
61	2	5	4	0.01369
61	2	5	5	0.0332
61	2	5	6	0.05911
61	2	5	7	0.12143
61	2	5	8	0.05824
61	2	5	9	0.03844
61	2	5	10	0.03844
61	2	5	11	0.04252
61	2	5	12	0.05853
61	2	5	13	0.05941
61	2	5	14	0.07368
61	2	5	15	0.07455
61	2	5	16	0.0862
61	2	5	17	0.076
61	2	5	18	0.05358
61	2	5	19	0.03378
61	2	5	20	0.02213
61	2	5	21	0.01659
61	2	5	22	0.00903
61	2	5	23	0.00524
61	2	5	24	0.00408
61	3	2	1	0.01642
61	3	2	2	0.01119
61	3	2	3	0.00854
61	3	2	4	0.00679
61	3	2	5	0.00722
61	3	2	6	0.01076
61	3	2	7	0.01768
61	3	2	8	0.02688
61	3	2	9	0.03866
61	3	2	10	0.05224
61	3	2	11	0.06317
61	3	2	12	0.06994
61	3	2	13	0.07293
61	3	2	14	0.07312
61	3	2	15	0.07362
61	3	2	16	0.07446
61	3	2	17	0.07422
61	3	2	18	0.07001
61	3	2	19	0.0614
61	3	2	20	0.0505
61	3	2	21	0.04121
61	3	2	22	0.03364
61	3	2	23	0.02622
61	3	2	24	0.01917
61	3	5	1	0.00786
61	3	5	2	0.0067
61	3	5	3	0.00757
61	3	5	4	0.01369
61	3	5	5	0.0332
61	3	5	6	0.05911
61	3	5	7	0.12143
61	3	5	8	0.05824
61	3	5	9	0.03844
61	3	5	10	0.03844
61	3	5	11	0.04252
61	3	5	12	0.05853
61	3	5	13	0.05941
61	3	5	14	0.07368
61	3	5	15	0.07455
61	3	5	16	0.0862
61	3	5	17	0.076
61	3	5	18	0.05358
61	3	5	19	0.03378
61	3	5	20	0.02213
61	3	5	21	0.01659
61	3	5	22	0.00903
61	3	5	23	0.00524
61	3	5	24	0.00408
61	4	2	1	0.02147
61	4	2	2	0.01444
61	4	2	3	0.01097
61	4	2	4	0.00749
61	4	2	5	0.00684
61	4	2	6	0.01036
61	4	2	7	0.01843
61	4	2	8	0.02681
61	4	2	9	0.03639
61	4	2	10	0.04754
61	4	2	11	0.05747
61	4	2	12	0.06508
61	4	2	13	0.07132
61	4	2	14	0.07149
61	4	2	15	0.07172
61	4	2	16	0.07201
61	4	2	17	0.07115
61	4	2	18	0.06789
61	4	2	19	0.06177
61	4	2	20	0.05169
61	4	2	21	0.04287
61	4	2	22	0.03803
61	4	2	23	0.03221
61	4	2	24	0.02457
61	4	5	1	0.00786
61	4	5	2	0.0067
61	4	5	3	0.00757
61	4	5	4	0.01369
61	4	5	5	0.0332
61	4	5	6	0.05911
61	4	5	7	0.12143
61	4	5	8	0.05824
61	4	5	9	0.03844
61	4	5	10	0.03844
61	4	5	11	0.04252
61	4	5	12	0.05853
61	4	5	13	0.05941
61	4	5	14	0.07368
61	4	5	15	0.07455
61	4	5	16	0.0862
61	4	5	17	0.076
61	4	5	18	0.05358
61	4	5	19	0.03378
61	4	5	20	0.02213
61	4	5	21	0.01659
61	4	5	22	0.00903
61	4	5	23	0.00524
61	4	5	24	0.00408
61	5	2	1	0.02147
61	5	2	2	0.01444
61	5	2	3	0.01097
61	5	2	4	0.00749
61	5	2	5	0.00684
61	5	2	6	0.01036
61	5	2	7	0.01843
61	5	2	8	0.02681
61	5	2	9	0.03639
61	5	2	10	0.04754
61	5	2	11	0.05747
61	5	2	12	0.06508
61	5	2	13	0.07132
61	5	2	14	0.07149
61	5	2	15	0.07172
61	5	2	16	0.07201
61	5	2	17	0.07115
61	5	2	18	0.06789
61	5	2	19	0.06177
61	5	2	20	0.05169
61	5	2	21	0.04287
61	5	2	22	0.03803
61	5	2	23	0.03221
61	5	2	24	0.02457
61	5	5	1	0.00786
61	5	5	2	0.0067
61	5	5	3	0.00757
61	5	5	4	0.01369
61	5	5	5	0.0332
61	5	5	6	0.05911
61	5	5	7	0.12143
61	5	5	8	0.05824
61	5	5	9	0.03844
61	5	5	10	0.03844
61	5	5	11	0.04252
61	5	5	12	0.05853
61	5	5	13	0.05941
61	5	5	14	0.07368
61	5	5	15	0.07455
61	5	5	16	0.0862
61	5	5	17	0.076
61	5	5	18	0.05358
61	5	5	19	0.03378
61	5	5	20	0.02213
61	5	5	21	0.01659
61	5	5	22	0.00903
61	5	5	23	0.00524
61	5	5	24	0.00408
62	1	2	1	0.02147
62	1	2	2	0.01444
62	1	2	3	0.01097
62	1	2	4	0.00749
62	1	2	5	0.00684
62	1	2	6	0.01036
62	1	2	7	0.01843
62	1	2	8	0.02681
62	1	2	9	0.03639
62	1	2	10	0.04754
62	1	2	11	0.05747
62	1	2	12	0.06508
62	1	2	13	0.07132
62	1	2	14	0.07149
62	1	2	15	0.07172
62	1	2	16	0.07201
62	1	2	17	0.07115
62	1	2	18	0.06789
62	1	2	19	0.06177
62	1	2	20	0.05169
62	1	2	21	0.04287
62	1	2	22	0.03803
62	1	2	23	0.03221
62	1	2	24	0.02457
62	1	5	1	0.00786
62	1	5	2	0.0067
62	1	5	3	0.00757
62	1	5	4	0.01369
62	1	5	5	0.0332
62	1	5	6	0.05911
62	1	5	7	0.12143
62	1	5	8	0.05824
62	1	5	9	0.03844
62	1	5	10	0.03844
62	1	5	11	0.04252
62	1	5	12	0.05853
62	1	5	13	0.05941
62	1	5	14	0.07368
62	1	5	15	0.07455
62	1	5	16	0.0862
62	1	5	17	0.076
62	1	5	18	0.05358
62	1	5	19	0.03378
62	1	5	20	0.02213
62	1	5	21	0.01659
62	1	5	22	0.00903
62	1	5	23	0.00524
62	1	5	24	0.00408
62	2	2	1	0.01642
62	2	2	2	0.01119
62	2	2	3	0.00854
62	2	2	4	0.00679
62	2	2	5	0.00722
62	2	2	6	0.01076
62	2	2	7	0.01768
62	2	2	8	0.02688
62	2	2	9	0.03866
62	2	2	10	0.05224
62	2	2	11	0.06317
62	2	2	12	0.06994
62	2	2	13	0.07293
62	2	2	14	0.07312
62	2	2	15	0.07362
62	2	2	16	0.07446
62	2	2	17	0.07422
62	2	2	18	0.07001
62	2	2	19	0.0614
62	2	2	20	0.0505
62	2	2	21	0.04121
62	2	2	22	0.03364
62	2	2	23	0.02622
62	2	2	24	0.01917
62	2	5	1	0.00786
62	2	5	2	0.0067
62	2	5	3	0.00757
62	2	5	4	0.01369
62	2	5	5	0.0332
62	2	5	6	0.05911
62	2	5	7	0.12143
62	2	5	8	0.05824
62	2	5	9	0.03844
62	2	5	10	0.03844
62	2	5	11	0.04252
62	2	5	12	0.05853
62	2	5	13	0.05941
62	2	5	14	0.07368
62	2	5	15	0.07455
62	2	5	16	0.0862
62	2	5	17	0.076
62	2	5	18	0.05358
62	2	5	19	0.03378
62	2	5	20	0.02213
62	2	5	21	0.01659
62	2	5	22	0.00903
62	2	5	23	0.00524
62	2	5	24	0.00408
62	3	2	1	0.01642
62	3	2	2	0.01119
62	3	2	3	0.00854
62	3	2	4	0.00679
62	3	2	5	0.00722
62	3	2	6	0.01076
62	3	2	7	0.01768
62	3	2	8	0.02688
62	3	2	9	0.03866
62	3	2	10	0.05224
62	3	2	11	0.06317
62	3	2	12	0.06994
62	3	2	13	0.07293
62	3	2	14	0.07312
62	3	2	15	0.07362
62	3	2	16	0.07446
62	3	2	17	0.07422
62	3	2	18	0.07001
62	3	2	19	0.0614
62	3	2	20	0.0505
62	3	2	21	0.04121
62	3	2	22	0.03364
62	3	2	23	0.02622
62	3	2	24	0.01917
62	3	5	1	0.00786
62	3	5	2	0.0067
62	3	5	3	0.00757
62	3	5	4	0.01369
62	3	5	5	0.0332
62	3	5	6	0.05911
62	3	5	7	0.12143
62	3	5	8	0.05824
62	3	5	9	0.03844
62	3	5	10	0.03844
62	3	5	11	0.04252
62	3	5	12	0.05853
62	3	5	13	0.05941
62	3	5	14	0.07368
62	3	5	15	0.07455
62	3	5	16	0.0862
62	3	5	17	0.076
62	3	5	18	0.05358
62	3	5	19	0.03378
62	3	5	20	0.02213
62	3	5	21	0.01659
62	3	5	22	0.00903
62	3	5	23	0.00524
62	3	5	24	0.00408
62	4	2	1	0.02147
62	4	2	2	0.01444
62	4	2	3	0.01097
62	4	2	4	0.00749
62	4	2	5	0.00684
62	4	2	6	0.01036
62	4	2	7	0.01843
62	4	2	8	0.02681
62	4	2	9	0.03639
62	4	2	10	0.04754
62	4	2	11	0.05747
62	4	2	12	0.06508
62	4	2	13	0.07132
62	4	2	14	0.07149
62	4	2	15	0.07172
62	4	2	16	0.07201
62	4	2	17	0.07115
62	4	2	18	0.06789
62	4	2	19	0.06177
62	4	2	20	0.05169
62	4	2	21	0.04287
62	4	2	22	0.03803
62	4	2	23	0.03221
62	4	2	24	0.02457
62	4	5	1	0.00786
62	4	5	2	0.0067
62	4	5	3	0.00757
62	4	5	4	0.01369
62	4	5	5	0.0332
62	4	5	6	0.05911
62	4	5	7	0.12143
62	4	5	8	0.05824
62	4	5	9	0.03844
62	4	5	10	0.03844
62	4	5	11	0.04252
62	4	5	12	0.05853
62	4	5	13	0.05941
62	4	5	14	0.07368
62	4	5	15	0.07455
62	4	5	16	0.0862
62	4	5	17	0.076
62	4	5	18	0.05358
62	4	5	19	0.03378
62	4	5	20	0.02213
62	4	5	21	0.01659
62	4	5	22	0.00903
62	4	5	23	0.00524
62	4	5	24	0.00408
62	5	2	1	0.02147
62	5	2	2	0.01444
62	5	2	3	0.01097
62	5	2	4	0.00749
62	5	2	5	0.00684
62	5	2	6	0.01036
62	5	2	7	0.01843
62	5	2	8	0.02681
62	5	2	9	0.03639
62	5	2	10	0.04754
62	5	2	11	0.05747
62	5	2	12	0.06508
62	5	2	13	0.07132
62	5	2	14	0.07149
62	5	2	15	0.07172
62	5	2	16	0.07201
62	5	2	17	0.07115
62	5	2	18	0.06789
62	5	2	19	0.06177
62	5	2	20	0.05169
62	5	2	21	0.04287
62	5	2	22	0.03803
62	5	2	23	0.03221
62	5	2	24	0.02457
62	5	5	1	0.00786
62	5	5	2	0.0067
62	5	5	3	0.00757
62	5	5	4	0.01369
62	5	5	5	0.0332
62	5	5	6	0.05911
62	5	5	7	0.12143
62	5	5	8	0.05824
62	5	5	9	0.03844
62	5	5	10	0.03844
62	5	5	11	0.04252
62	5	5	12	0.05853
62	5	5	13	0.05941
62	5	5	14	0.07368
62	5	5	15	0.07455
62	5	5	16	0.0862
62	5	5	17	0.076
62	5	5	18	0.05358
62	5	5	19	0.03378
62	5	5	20	0.02213
62	5	5	21	0.01659
62	5	5	22	0.00903
62	5	5	23	0.00524
62	5	5	24	0.00408
